movie_title,year,tmdb_id,movie_id
Toy Story ,1995,862,1
GoldenEye ,1995,710,2
Four Rooms ,1995,5,3
Get Shorty ,1995,8012,4
Copycat ,1995,1710,5
Shanghai Triad (Yao a yao yao dao waipo qiao) ,1995,37557,6
Twelve Monkeys ,1995,63,7
Babe ,1995,9598,8
Dead Man Walking ,1995,687,9
Richard III ,1996,42314,10
Seven (Se7en) ,1995,807,11
"Usual Suspects, The ",1995,629,12
Mighty Aphrodite ,1995,11448,13
"Postino, Il ",1994,11010,14
Mr. Holland's Opus ,1996,2054,15
French Twist (Gazon maudit) ,1995,4482,16
From Dusk Till Dawn ,1996,755,17
"White Balloon, The ",1995,46785,18
Antonia's Line ,1995,880,19
Angels and Insects ,1995,8447,20
Muppet Treasure Island ,1996,10874,21
Braveheart ,1996,197,22
Taxi Driver ,1996,103,23
Rumble in the Bronx ,1996,33542,24
"Birdcage, The ",1996,11000,25
"Brothers McMullen, The ",1995,16388,26
Bad Boys ,1995,9737,27
Apollo 13 ,1995,568,28
Batman Forever ,1995,414,29
Belle de jour ,1967,649,30
Crimson Tide ,1995,8963,31
Crumb ,1994,26564,32
Desperado ,1995,8068,33
"Doom Generation, The ",1995,13552,34
Free Willy 2: The Adventure Home ,1995,9073,35
Mad Love ,1995,47608,36
Nadja ,1994,34574,37
"Net, The ",1995,1642,38
Strange Days ,1995,281,39
"To Wong Foo, Thanks for Everything! Julie Newmar ",1995,9090,40
Billy Madison ,1995,11017,41
Clerks ,1994,2292,42
Disclosure ,1994,8984,43
Dolores Claiborne ,1994,11929,44
Eat Drink Man Woman ,1994,10451,45
Exotica ,1994,20156,46
Ed Wood ,1994,522,47
Hoop Dreams ,1994,14275,48
I.Q. ,1994,11777,49
Star Wars ,1977,11,50
Legends of the Fall ,1994,4476,51
"Madness of King George, The ",1994,11318,52
Natural Born Killers ,1994,241,53
Outbreak ,1995,6950,54
"Professional, The ",1994,101,55
Pulp Fiction ,1994,680,56
Priest ,1994,40156,57
Quiz Show ,1994,11450,58
Three Colors: Red ,1994,110,59
Three Colors: Blue ,1993,108,60
Three Colors: White ,1994,109,61
Stargate ,1994,2164,62
"Santa Clause, The ",1994,11395,63
"Shawshank Redemption, The ",1994,278,64
What's Eating Gilbert Grape ,1993,1587,65
While You Were Sleeping ,1995,2064,66
Ace Ventura: Pet Detective ,1994,3049,67
"Crow, The ",1994,9495,68
Forrest Gump ,1994,13,69
Four Weddings and a Funeral ,1994,712,70
"Lion King, The ",1994,8587,71
"Mask, The ",1994,854,72
Maverick ,1994,9359,73
Faster Pussycat! Kill! Kill! ,1965,315,74
Brother Minister: The Assassination of Malcolm X ,1994,316098,75
Carlito's Way ,1993,6075,76
"Firm, The ",1993,37233,77
Free Willy ,1993,1634,78
"Fugitive, The ",1993,5503,79
Hot Shots! Part Deux ,1993,9255,80
"Hudsucker Proxy, The ",1994,11934,81
Jurassic Park ,1993,329,82
Much Ado About Nothing ,1993,11971,83
Robert A. Heinlein's The Puppet Masters ,1994,25557,84
"Ref, The ",1994,10872,85
"Remains of the Day, The ",1993,1245,86
Searching for Bobby Fischer ,1993,14291,87
Sleepless in Seattle ,1993,858,88
Blade Runner ,1982,78,89
So I Married an Axe Murderer ,1993,10442,90
"Nightmare Before Christmas, The ",1993,9479,91
True Romance ,1993,319,92
Welcome to the Dollhouse ,1996,11446,93
Home Alone ,1990,771,94
Aladdin ,1992,812,95
Terminator 2: Judgment Day ,1991,280,96
Dances with Wolves ,1990,581,97
"Silence of the Lambs, The ",1991,274,98
Snow White and the Seven Dwarfs ,1937,408,99
Fargo ,1997,275,100
Heavy Metal ,1981,11827,101
"Aristocats, The ",1970,10112,102
All Dogs Go to Heaven 2 ,1996,19042,103
Theodore Rex ,1996,36259,104
Sgt. Bilko ,1996,9099,105
Diabolique ,1996,10988,106
Moll Flanders ,1996,18989,107
Kids in the Hall: Brain Candy ,1996,18414,108
Mystery Science Theater 3000: The Movie ,1996,3065,109
Operation Dumbo Drop ,1995,27281,110
"Truth About Cats & Dogs, The ",1996,8866,111
Flipper ,1996,36355,112
"Horseman on the Roof, The (Hussard sur le toit, Le) ",1996,11876,113
Wallace & Gromit: The Best of Aardman Animation ,1996,532,114
"Haunted World of Edward D. Wood Jr., The ",1996,73183,115
Cold Comfort Farm ,1996,32513,116
"Rock, The ",1996,9802,117
Twister ,1996,664,118
Maya Lin: A Strong Clear Vision ,1994,85778,119
Striptease ,1996,9879,120
Independence Day (ID4) ,1996,602,121
"Cable Guy, The ",1996,9894,122
"Frighteners, The ",1996,10779,123
Lone Star ,1996,26748,124
Phenomenon ,1996,9294,125
"Spitfire Grill, The ",1996,47907,126
"Godfather, The ",1972,238,127
Supercop ,1996,11134,128
Bound ,1996,9303,129
Kansas City ,1996,22479,130
Breakfast at Tiffany's ,1961,164,131
"Wizard of Oz, The ",1939,630,132
Gone with the Wind ,1939,770,133
Citizen Kane ,1941,15,134
2001: A Space Odyssey ,1968,62,135
Mr. Smith Goes to Washington ,1939,3083,136
Big Night ,1996,18203,137
D3: The Mighty Ducks ,1996,10680,138
"Love Bug, The ",1969,14136,139
Homeward Bound: The Incredible Journey ,1993,6878,140
"20,000 Leagues Under the Sea ",1954,173,141
Bedknobs and Broomsticks ,1971,12335,142
"Sound of Music, The ",1965,15121,143
Die Hard ,1988,562,144
"Lawnmower Man, The ",1992,10163,145
Unhook the Stars ,1996,48862,146
"Long Kiss Goodnight, The ",1996,11412,147
"Ghost and the Darkness, The ",1996,10586,148
Jude ,1996,25147,149
Swingers ,1996,10218,150
Willy Wonka and the Chocolate Factory ,1971,252,151
Sleeper ,1973,11561,152
"Fish Called Wanda, A ",1988,623,153
Monty Python's Life of Brian ,1979,583,154
Dirty Dancing ,1987,88,155
Reservoir Dogs ,1992,500,156
Platoon ,1986,792,157
Weekend at Bernie's ,1989,8491,158
Basic Instinct ,1992,402,159
Glengarry Glen Ross ,1992,9504,160
Top Gun ,1986,744,161
On Golden Pond ,1981,11816,162
"Return of the Pink Panther, The ",1974,11843,163
"Abyss, The ",1989,2756,164
Jean de Florette ,1986,4480,165
Manon of the Spring (Manon des sources) ,1986,4481,166
Private Benjamin ,1980,10765,167
Monty Python and the Holy Grail ,1974,762,168
"Wrong Trousers, The ",1993,531,169
Cinema Paradiso ,1988,11216,170
Delicatessen ,1991,892,171
"Empire Strikes Back, The ",1980,1891,172
"Princess Bride, The ",1987,2493,173
Raiders of the Lost Ark ,1981,85,174
Brazil ,1985,68,175
Aliens ,1986,679,176
"Good, The Bad and The Ugly, The ",1966,429,177
12 Angry Men ,1957,389,178
"Clockwork Orange, A ",1971,185,179
Apocalypse Now ,1979,28,180
Return of the Jedi ,1997,1892,181
GoodFellas ,1990,769,182
Alien ,1979,348,183
Army of Darkness ,1993,766,184
Psycho ,1960,539,185
"Blues Brothers, The ",1980,525,186
"Godfather: Part II, The ",1974,240,187
Full Metal Jacket ,1987,600,188
"Grand Day Out, A ",1992,530,189
Henry V ,1989,10705,190
Amadeus ,1984,279,191
Raging Bull ,1980,1578,192
"Right Stuff, The ",1983,9549,193
"Sting, The ",1973,9277,194
"Terminator, The ",1984,218,195
Dead Poets Society ,1989,207,196
"Graduate, The ",1967,37247,197
Nikita (La Femme Nikita) ,1990,9322,198
"Bridge on the River Kwai, The ",1957,826,199
"Shining, The ",1980,694,200
Evil Dead II ,1987,765,201
Groundhog Day ,1993,137,202
Unforgiven ,1992,33,203
Back to the Future ,1985,105,204
Patton ,1970,11202,205
Akira ,1988,149,206
Cyrano de Bergerac ,1990,11673,207
Young Frankenstein ,1974,3034,208
This Is Spinal Tap ,1984,11031,209
Indiana Jones and the Last Crusade ,1989,89,210
M*A*S*H ,1970,651,211
"Unbearable Lightness of Being, The ",1988,10644,212
"Room with a View, A ",1986,11257,213
Pink Floyd - The Wall ,1982,12104,214
Field of Dreams ,1989,2323,215
When Harry Met Sally... ,1989,639,216
Bram Stoker's Dracula ,1992,6114,217
Cape Fear ,1991,1598,218
"Nightmare on Elm Street, A ",1984,377,219
"Mirror Has Two Faces, The ",1996,25189,220
Breaking the Waves ,1996,145,221
Star Trek: First Contact ,1996,199,222
Sling Blade ,1996,12498,223
Ridicule ,1996,12709,224
101 Dalmatians ,1996,11674,225
Die Hard 2 ,1990,1573,226
Star Trek VI: The Undiscovered Country ,1991,174,227
Star Trek: The Wrath of Khan ,1982,154,228
Star Trek III: The Search for Spock ,1984,157,229
Star Trek IV: The Voyage Home ,1986,168,230
Batman Returns ,1992,364,231
Young Guns ,1988,11967,232
Under Siege ,1992,8845,233
Jaws ,1975,578,234
Mars Attacks! ,1996,75,235
Citizen Ruth ,1996,13891,236
Jerry Maguire ,1996,9390,237
Raising Arizona ,1987,378,238
Sneakers ,1992,2322,239
Beavis and Butt-head Do America ,1996,3179,240
"Last of the Mohicans, The ",1992,9361,241
Kolya ,1997,784,242
Jungle2Jungle ,1997,-1,243
Smilla's Sense of Snow ,1997,9311,244
"Devil's Own, The ",1997,4477,245
Chasing Amy ,1997,2255,246
Turbo: A Power Rangers Movie ,1997,6499,247
Grosse Pointe Blank ,1997,9434,248
Austin Powers: International Man of Mystery ,1997,816,249
"Fifth Element, The ",1997,18,250
Shall We Dance? ,1997,11239,251
"Lost World: Jurassic Park, The ",1997,330,252
"Pillow Book, The ",1997,26422,253
Batman & Robin ,1997,415,254
My Best Friend's Wedding ,1997,8874,255
When the Cats Away (Chacun cherche son chat) ,1997,11956,256
Men in Black ,1997,607,257
Contact ,1997,686,258
George of the Jungle ,1997,10603,259
Event Horizon ,1997,8413,260
Air Bud ,1997,20737,261
In the Company of Men ,1997,14585,262
Steel ,1997,8854,263
Mimic ,1997,4961,264
"Hunt for Red October, The ",1990,1669,265
Kull the Conqueror ,1997,17832,266
Chasing Amy ,1997,2255,268
"Full Monty, The ",1997,9427,269
Gattaca ,1997,782,270
Starship Troopers ,1997,563,271
Good Will Hunting ,1997,489,272
Heat ,1995,949,273
Sabrina ,1995,11860,274
Sense and Sensibility ,1995,4584,275
Leaving Las Vegas ,1995,451,276
Restoration ,1995,35196,277
Bed of Roses ,1996,20927,278
Once Upon a Time... When We Were Colored ,1995,146599,279
Up Close and Personal ,1996,9302,280
"River Wild, The ",1994,8987,281
"Time to Kill, A ",1996,1645,282
Emma ,1996,3573,283
Tin Cup ,1996,10478,284
Secrets & Lies ,1996,11159,285
"English Patient, The ",1996,409,286
Marvin's Room ,1996,9819,287
Scream ,1996,4232,288
Evita ,1996,8818,289
Fierce Creatures ,1997,12145,290
Absolute Power ,1997,66,291
Rosewood ,1997,25624,292
Donnie Brasco ,1997,9366,293
Liar Liar ,1997,1624,294
Breakdown ,1997,2163,295
"Promesse, La ",1997,24183,296
Ulee's Gold ,1997,55306,297
Face/Off ,1997,754,298
Hoodlum ,1997,22073,299
Air Force One ,1997,9772,300
In & Out ,1997,607,301
L.A. Confidential ,1997,2118,302
Ulee's Gold ,1997,55306,303
Fly Away Home ,1996,11076,304
"Ice Storm, The ",1997,68924,305
"Mrs. Brown (Her Majesty, Mrs. Brown) ",1997,17589,306
"Devil's Advocate, The ",1997,1813,307
FairyTale: A True Story ,1997,29911,308
Deceiver ,1997,14583,309
"Rainmaker, The ",1997,11975,310
"Wings of the Dove, The ",1997,45609,311
Midnight in the Garden of Good and Evil ,1997,8197,312
Titanic ,1997,597,313
3 Ninjas: High Noon At Mega Mountain ,1997,32302,314
Apt Pupil ,1998,9445,315
As Good As It Gets ,1997,2898,316
In the Name of the Father ,1993,7984,317
Schindler's List ,1993,424,318
Everyone Says I Love You ,1996,9716,319
Paradise Lost: The Child Murders at Robin Hood Hills ,1996,17204,320
Mother ,1996,27265,321
Murder at 1600 ,1997,9415,322
Dante's Peak ,1997,9619,323
Lost Highway ,1997,638,324
Crash ,1997,884,325
G.I. Jane ,1997,4421,326
Cop Land ,1997,2142,327
Conspiracy Theory ,1997,8834,328
Desperate Measures ,1998,9458,329
187 ,1997,6072,330
"Edge, The ",1997,9433,331
Kiss the Girls ,1997,9437,332
"Game, The ",1997,2649,333
U Turn ,1997,10155,334
How to Be a Player ,1997,28353,335
Playing God ,1997,12628,336
"House of Yes, The ",1997,33344,337
Bean ,1997,1281,338
Mad City ,1997,9770,339
Boogie Nights ,1997,4995,340
Critical Care ,1997,61337,341
"Man Who Knew Too Little, The ",1997,9414,342
Alien: Resurrection ,1997,8078,343
"Apostle, The ",1997,2895,344
Deconstructing Harry ,1997,2639,345
Jackie Brown ,1997,184,346
Wag the Dog ,1998,586,347
Desperate Measures ,1998,9458,348
Hard Rain ,1998,11258,349
Fallen ,1998,9411,350
"Prophecy II, The ",1998,9033,351
Spice World ,1997,6116,352
Deep Rising ,1998,9457,353
"Wedding Singer, The ",1998,11003,354
Sphere ,1998,10153,355
"Client, The ",1994,10731,356
One Flew Over the Cuckoo's Nest ,1975,510,357
Spawn ,1997,10336,358
"Assignment, The ",1997,18355,359
Wonderland ,1997,251481,360
Incognito ,1997,45928,361
Blues Brothers 2000 ,1998,11568,362
Sudden Death ,1995,9091,363
Ace Ventura: When Nature Calls ,1995,9273,364
Powder ,1995,12665,365
Dangerous Minds ,1995,9909,366
Clueless ,1995,9603,367
Bio-Dome ,1996,9536,368
Black Sheep ,1996,13997,369
Mary Reilly ,1996,9095,370
"Bridges of Madison County, The ",1996,688,371
Jeffrey ,1995,17447,372
Judge Dredd ,1995,9482,373
Mighty Morphin Power Rangers: The Movie ,1995,9070,374
Showgirls ,1995,10802,375
Houseguest ,1994,17207,376
Heavyweights ,1994,350053,377
Miracle on 34th Street ,1994,10510,378
Tales From the Crypt Presents: Demon Knight ,1995,9059,379
Star Trek: Generations ,1994,193,380
Muriel's Wedding ,1994,236,381
"Adventures of Priscilla, Queen of the Desert, The ",1994,2759,382
"Flintstones, The ",1994,888,383
Naked Gun 33 1/3: The Final Insult ,1994,36593,384
True Lies ,1994,36955,385
Addams Family Values ,1993,2758,386
"Age of Innocence, The ",1993,10436,387
Beverly Hills Cop III ,1994,306,388
Black Beauty ,1994,14522,389
Fear of a Black Hat ,1993,20239,390
Last Action Hero ,1993,9593,391
"Man Without a Face, The ",1993,10502,392
Mrs. Doubtfire ,1993,788,393
Radioland Murders ,1994,22588,394
Robin Hood: Men in Tights ,1993,8005,395
Serial Mom ,1994,11592,396
Striking Distance ,1993,11074,397
Super Mario Bros. ,1993,9607,398
"Three Musketeers, The ",1993,10057,399
"Little Rascals, The ",1994,10897,400
"Brady Bunch Movie, The ",1995,9066,401
Ghost ,1990,251,402
Batman ,1989,268,403
Pinocchio ,1940,10895,404
Mission: Impossible ,1996,954,405
Thinner ,1996,10280,406
Spy Hard ,1996,10535,407
"Close Shave, A ",1996,532,408
Jack ,1996,7095,409
Kingpin ,1996,11543,410
"Nutty Professor, The ",1996,9327,411
"Very Brady Sequel, A ",1996,12606,412
Tales from the Crypt Presents: Bordello of Blood ,1996,9431,413
My Favorite Year ,1982,31044,414
"Apple Dumpling Gang, The ",1975,18660,415
Old Yeller ,1957,22660,416
"Parent Trap, The ",1961,19186,417
Cinderella ,1950,11224,418
Mary Poppins ,1964,433,419
Alice in Wonderland ,1951,12092,420
William Shakespeare's Romeo and Juliet ,1996,454,421
Aladdin and the King of Thieves ,1996,11238,422
E.T. the Extra-Terrestrial ,1982,601,423
Children of the Corn: The Gathering ,1996,25750,424
Bob Roberts ,1992,10608,425
"Transformers: The Movie, The ",1986,1857,426
To Kill a Mockingbird ,1962,595,427
Harold and Maude ,1971,343,428
"Day the Earth Stood Still, The ",1951,828,429
Duck Soup ,1933,3063,430
Highlander ,1986,8009,431
Fantasia ,1940,756,432
Heathers ,1989,2640,433
Forbidden Planet ,1956,830,434
Butch Cassidy and the Sundance Kid ,1969,642,435
"American Werewolf in London, An ",1981,814,436
Amityville 1992: It's About Time ,1992,41671,437
Amityville 3-D ,1983,27214,438
Amityville: A New Generation ,1993,33519,439
Amityville II: The Possession ,1982,16235,440
"Amityville Horror, The ",1979,11449,441
"Amityville Curse, The ",1990,41848,442
"Birds, The ",1963,571,443
"Blob, The ",1958,8851,444
"Body Snatcher, The ",1945,30346,445
Burnt Offerings ,1976,13549,446
Carrie ,1976,7340,447
"Omen, The ",1976,794,448
Star Trek: The Motion Picture ,1979,152,449
Star Trek V: The Final Frontier ,1989,172,450
Grease ,1978,621,451
Jaws 2 ,1978,579,452
Jaws 3-D ,1983,17692,453
Bastard Out of Carolina ,1996,41240,454
Jackie Chan's First Strike ,1997,9404,455
Beverly Hills Ninja ,1997,9622,456
Free Willy 3: The Rescue ,1997,18519,457
Nixon ,1995,10858,458
"Cry, the Beloved Country ",1995,34615,459
"Crossing Guard, The ",1995,27526,460
Smoke ,1995,10149,461
Like Water For Chocolate (Como agua para chocolate) ,1992,18183,462
"Secret of Roan Inish, The ",1994,14334,463
Vanya on 42nd Street ,1994,32636,464
"Jungle Book, The ",1994,10714,465
Red Rock West ,1992,10427,466
"Bronx Tale, A ",1993,1607,467
Rudy ,1993,14534,468
Short Cuts ,1993,695,469
Tombstone ,1993,11969,470
Courage Under Fire ,1996,10684,471
Dragonheart ,1996,8840,472
James and the Giant Peach ,1996,10539,473
Dr. Strangelove or: How I Learned to Stop Worrying and Love the Bomb ,1963,935,474
Trainspotting ,1996,627,475
"First Wives Club, The ",1996,2925,476
Matilda ,1996,10830,477
"Philadelphia Story, The ",1940,981,478
Vertigo ,1958,426,479
North by Northwest ,1959,213,480
"Apartment, The ",1960,284,481
Some Like It Hot ,1959,239,482
Casablanca ,1942,289,483
"Maltese Falcon, The ",1941,963,484
My Fair Lady ,1964,11113,485
Sabrina ,1954,6620,486
Roman Holiday ,1953,804,487
Sunset Blvd. ,1950,599,488
Notorious ,1946,303,489
To Catch a Thief ,1955,381,490
"Adventures of Robin Hood, The ",1938,10907,491
East of Eden ,1955,220,492
"Thin Man, The ",1934,3529,493
His Girl Friday ,1940,3085,494
Around the World in 80 Days ,1956,2897,495
It's a Wonderful Life ,1946,1585,496
Bringing Up Baby ,1938,900,497
"African Queen, The ",1951,488,498
Cat on a Hot Tin Roof ,1958,261,499
Fly Away Home ,1996,11076,500
Dumbo ,1941,11360,501
Bananas ,1971,11302,502
"Candidate, The ",1972,21711,503
Bonnie and Clyde ,1967,475,504
Dial M for Murder ,1954,521,505
Rebel Without a Cause ,1955,221,506
"Streetcar Named Desire, A ",1951,702,507
"People vs. Larry Flynt, The ",1996,1630,508
My Left Foot ,1989,10161,509
"Magnificent Seven, The ",1954,346,510
Lawrence of Arabia ,1962,947,511
Wings of Desire ,1987,144,512
"Third Man, The ",1949,1092,513
Annie Hall ,1977,703,514
"Boot, Das ",1997,387,515
Local Hero ,1983,11235,516
Manhattan ,1979,696,517
Miller's Crossing ,1990,379,518
"Treasure of the Sierra Madre, The ",1948,3090,519
"Great Escape, The ",1963,5925,520
"Deer Hunter, The ",1978,11778,521
Down by Law ,1986,1554,522
Cool Hand Luke ,1967,903,523
"Great Dictator, The ",1940,914,524
"Big Sleep, The ",1946,910,525
Ben-Hur ,1959,665,526
Gandhi ,1982,783,527
"Killing Fields, The ",1984,625,528
My Life as a Dog (Mitt liv som hund) ,1985,8816,529
"Man Who Would Be King, The ",1975,983,530
Shine ,1996,7863,531
Kama Sutra: A Tale of Love ,1997,28005,532
"Daytrippers, The ",1997,49806,533
Traveller ,1997,31465,534
Addicted to Love ,1997,2058,535
Ponette ,1997,38523,536
My Own Private Idaho ,1991,468,537
Anastasia ,1997,9444,538
Mouse Hunt ,1997,6283,539
Money Train ,1995,11517,540
Mortal Kombat ,1995,9312,541
Pocahontas ,1995,10530,542
"Misérables, Les ",1995,-1,543
Things to Do in Denver when You're Dead ,1996,400,544
Vampire in Brooklyn ,1995,12158,545
Broken Arrow ,1996,9208,546
"Young Poisoner's Handbook, The ",1996,16934,547
"NeverEnding Story III, The ",1996,27793,548
Rob Roy ,1995,11780,549
Die Hard: With a Vengeance ,1995,1572,550
Lord of Illusions ,1995,8973,551
Species ,1995,9348,552
"Walk in the Clouds, A ",1995,9560,553
Waterworld ,1995,9804,554
White Man's Burden ,1995,31611,555
Wild Bill ,1995,65796,556
Farinelli: il castrato ,1994,10954,557
Heavenly Creatures ,1994,1024,558
Interview with the Vampire ,1994,628,559
"Kid in King Arthur's Court, A ",1995,37108,560
Mary Shelley's Frankenstein ,1994,3036,561
"Quick and the Dead, The ",1995,12106,562
Stephen King's The Langoliers ,1995,-1,563
Tales from the Hood ,1995,25066,564
Village of the Damned ,1995,12122,565
Clear and Present Danger ,1994,9331,566
Wes Craven's New Nightmare ,1994,11596,567
Speed ,1994,1637,568
Wolf ,1994,10395,569
Wyatt Earp ,1994,12160,570
Another Stakeout ,1993,9409,571
Blown Away ,1994,178,572
Body Snatchers ,1993,4722,573
Boxing Helena ,1993,18215,574
City Slickers II: The Legend of Curly's Gold ,1994,11310,575
Cliffhanger ,1993,9350,576
Coneheads ,1993,9612,577
Demolition Man ,1993,9739,578
Fatal Instinct ,1993,26141,579
"Englishman Who Went Up a Hill, But Came Down a Mountain, The ",1995,10612,580
Kalifornia ,1993,10909,581
"Piano, The ",1993,713,582
Romeo Is Bleeding ,1993,2088,583
"Secret Garden, The ",1993,11236,584
Son in Law ,1993,13203,585
Terminal Velocity ,1994,9057,586
"Hour of the Pig, The ",1993,70912,587
Beauty and the Beast ,1991,10020,588
"Wild Bunch, The ",1969,576,589
Hellraiser: Bloodline ,1996,8766,590
Primal Fear ,1996,1592,591
True Crime ,1995,37144,592
Stalingrad ,1993,11101,593
Heavy ,1996,11827,594
"Fan, The ",1996,9566,595
"Hunchback of Notre Dame, The ",1996,10545,596
Eraser ,1996,9268,597
"Big Squeeze, The ",1996,144982,598
Police Story 4: Project S (Chao ji ji hua) ,1996,-1,599
Daniel Defoe's Robinson Crusoe ,1996,-1,600
For Whom the Bell Tolls ,1943,27854,601
"American in Paris, An ",1951,2769,602
Rear Window ,1954,567,603
It Happened One Night ,1934,3078,604
Meet Me in St. Louis ,1944,909,605
All About Eve ,1950,705,606
Rebecca ,1940,223,607
Spellbound ,1945,4174,608
Father of the Bride ,1950,20758,609
Gigi ,1958,17281,610
Laura ,1944,1939,611
Lost Horizon ,1937,3598,612
My Man Godfrey ,1936,13562,613
Giant ,1956,1712,614
"39 Steps, The ",1935,260,615
Night of the Living Dead ,1968,10331,616
"Blue Angel, The (Blaue Engel, Der) ",1930,228,617
Picnic ,1955,39940,618
Extreme Measures ,1996,11306,619
"Chamber, The ",1996,6346,620
"Davy Crockett, King of the Wild Frontier ",1955,35115,621
Swiss Family Robinson ,1960,18444,622
Angels in the Outfield ,1994,24795,623
"Three Caballeros, The ",1945,15947,624
"Sword in the Stone, The ",1963,9078,625
So Dear to My Heart ,1949,29682,626
Robin Hood: Prince of Thieves ,1991,8367,627
Sleepers ,1996,819,628
Victor/Victoria ,1982,12614,629
"Great Race, The ",1965,11575,630
"Crying Game, The ",1992,11386,631
Sophie's Choice ,1982,15764,632
"Christmas Carol, A ",1938,25842,633
Microcosmos: Le peuple de l'herbe ,1996,9305,634
"Fog, The ",1980,790,635
Escape from New York ,1981,1103,636
"Howling, The ",1981,11298,637
"Return of Martin Guerre, The (Retour de Martin Guerre, Le) ",1982,4483,638
"Tin Drum, The (Blechtrommel, Die) ",1979,659,639
"Cook the Thief His Wife & Her Lover, The ",1989,7452,640
Paths of Glory ,1957,975,641
"Grifters, The ",1990,18129,642
The Innocent ,1994,402838,643
"Thin Blue Line, The ",1988,14285,644
Paris Is Burning ,1990,31225,645
Once Upon a Time in the West ,1969,335,646
Ran ,1985,11645,647
"Quiet Man, The ",1952,3109,648
Once Upon a Time in America ,1984,311,649
"Seventh Seal, The (Sjunde inseglet, Det) ",1957,490,650
Glory ,1989,9665,651
Rosencrantz and Guildenstern Are Dead ,1990,18971,652
Touch of Evil ,1958,1480,653
Chinatown ,1974,829,654
Stand by Me ,1986,235,655
M ,1931,832,656
"Manchurian Candidate, The ",1962,982,657
Pump Up the Volume ,1990,8428,658
Arsenic and Old Lace ,1944,212,659
Fried Green Tomatoes ,1991,1633,660
High Noon ,1952,288,661
Somewhere in Time ,1980,16633,662
Being There ,1979,10322,663
"Paris, Texas ",1984,655,664
Alien 3 ,1992,8077,665
Blood For Dracula (Andy Warhol's Dracula) ,1974,25944,666
Audrey Rose ,1977,49126,667
Blood Beach ,1981,37843,668
Body Parts ,1991,32146,669
Body Snatchers ,1993,4722,670
Bride of Frankenstein ,1935,229,671
Candyman ,1992,9529,672
Cape Fear ,1962,11349,673
Cat People ,1982,6217,674
"Nosferatu (Nosferatu, eine Symphonie des Grauens) ",1922,653,675
"Crucible, The ",1996,20539,676
Fire on the Mountain ,1997,65388,677
Volcano ,1997,10357,678
Conan the Barbarian ,1981,9387,679
Kull the Conqueror ,1997,17832,680
Wishmaster ,1997,10351,681
I Know What You Did Last Summer ,1997,3597,682
Rocket Man ,1997,36797,683
In the Line of Fire ,1993,9386,684
Executive Decision ,1996,2320,685
"Perfect World, A ",1993,9559,686
McHale's Navy ,1997,14908,687
Leave It to Beaver ,1997,37244,688
"Jackal, The ",1997,4824,689
Seven Years in Tibet ,1997,978,690
Dark City ,1998,2666,691
"American President, The ",1995,9087,692
Casino ,1995,524,693
Persuasion ,1995,17015,694
Kicking and Screaming ,1995,28387,695
City Hall ,1996,11062,696
"Basketball Diaries, The ",1995,10474,697
"Browning Version, The ",1994,49805,698
Little Women ,1994,9587,699
Miami Rhapsody ,1995,17402,700
"Wonderful, Horrible Life of Leni Riefenstahl, The ",1993,41647,701
Barcelona ,1994,16771,702
Widows' Peak ,1994,25440,703
"House of the Spirits, The ",1993,2259,704
Singin' in the Rain ,1952,872,705
Bad Moon ,1996,49763,706
Enchanted April ,1991,26561,707
"Sex, Lies, and Videotape ",1989,1412,708
Strictly Ballroom ,1992,10409,709
Better Off Dead... ,1985,13667,710
"Substance of Fire, The ",1996,168535,711
Tin Men ,1987,10896,712
Othello ,1995,16420,713
Carrington ,1995,47018,714
To Die For ,1995,577,715
Home for the Holidays ,1995,9089,716
"Juror, The ",1996,9623,717
In the Bleak Midwinter ,1996,40154,718
Canadian Bacon ,1994,1775,719
First Knight ,1995,6520,720
Mallrats ,1995,2293,721
Nine Months ,1995,11472,722
Boys on the Side ,1995,9382,723
Circle of Friends ,1995,22625,724
Exit to Eden ,1994,18395,725
Fluke ,1995,21183,726
Immortal Beloved ,1994,13701,727
Junior ,1994,6280,728
Nell ,1994,1945,729
"Queen Margot (Reine Margot, La) ",1996,10452,730
"Corrina, Corrina ",1994,10464,731
Dave ,1993,11566,732
Go Fish ,1994,18620,733
Made in America ,1993,12121,734
Philadelphia ,1993,9800,735
Shadowlands ,1993,10445,736
Sirens ,1994,12519,737
Threesome ,1994,10635,738
Pretty Woman ,1990,114,739
Jane Eyre ,1996,47333,740
"Last Supper, The ",1996,12520,741
Ransom ,1996,3595,742
"Crow: City of Angels, The ",1996,10546,743
Michael Collins ,1996,1770,744
"Ruling Class, The ",1972,30892,745
Real Genius ,1985,14370,746
Benny & Joon ,1993,4104,747
"Saint, The ",1997,10003,748
"MatchMaker, The ",1997,20457,749
Amistad ,1997,11831,750
Tomorrow Never Dies ,1997,714,751
"Replacement Killers, The ",1998,11702,752
Burnt By the Sun ,1994,50797,753
Red Corner ,1997,9407,754
Jumanji ,1995,8844,755
Father of the Bride Part II ,1995,11862,756
Across the Sea of Time ,1995,139405,757
Lawnmower Man 2: Beyond Cyberspace ,1996,11525,758
Fair Game ,1995,11859,759
Screamers ,1995,9102,760
Nick of Time ,1995,2086,761
Beautiful Girls ,1996,9283,762
Happy Gilmore ,1996,9614,763
If Lucy Fell ,1996,10324,764
Boomerang ,1992,11066,765
Man of the Year ,1996,5757,766
"Addiction, The ",1995,34996,767
Casper ,1995,8839,768
Congo ,1995,10329,769
Devil in a Blue Dress ,1995,8512,770
Johnny Mnemonic ,1995,9886,771
Kids ,1995,9344,772
Mute Witness ,1994,48787,773
"Prophecy, The ",1995,11980,774
Something to Talk About ,1995,18402,775
Three Wishes ,1995,47939,776
Castle Freak ,1995,18256,777
Don Juan DeMarco ,1995,1909,778
Drop Zone ,1994,4954,779
Dumb & Dumber ,1994,8467,780
French Kiss ,1995,397,781
Little Odessa ,1994,47504,782
Milk Money ,1994,8986,783
Beyond Bedlam ,1993,56428,784
Only You ,1994,9058,785
"Perez Family, The ",1995,63020,786
Roommates ,1995,161495,787
Relative Fear ,1994,92769,788
Swimming with Sharks ,1995,20306,789
Tommy Boy ,1995,11381,790
"Baby-Sitters Club, The ",1995,48287,791
Bullets Over Broadway ,1994,11382,792
Crooklyn ,1994,34152,793
It Could Happen to You ,1994,10660,794
Richie Rich ,1994,11011,795
Speechless ,1994,15128,796
Timecop ,1994,8831,797
Bad Company ,1995,40480,798
Boys Life ,1995,38700,799
In the Mouth of Madness ,1995,2654,800
"Air Up There, The ",1994,46094,801
Hard Target ,1993,2019,802
Heaven & Earth ,1993,31642,803
Jimmy Hollywood ,1994,31643,804
Manhattan Murder Mystery ,1993,10440,805
Menace II Society ,1993,9516,806
Poetic Justice ,1993,8291,807
"Program, The ",1993,18133,808
Rising Sun ,1993,7007,809
"Shadow, The ",1994,8850,810
Thirty-Two Short Films About Glenn Gould ,1993,20967,811
Andre ,1994,21352,812
"Celluloid Closet, The ",1996,32562,813
"Great Day in Harlem, A ",1994,124472,814
One Fine Day ,1996,7300,815
Candyman: Farewell to the Flesh ,1995,10824,816
Frisk ,1996,40926,817
Girl 6 ,1996,61752,818
Eddie ,1996,11107,819
Space Jam ,1996,2300,820
Mrs. Winterbourne ,1996,40001,821
Faces ,1968,753,822
Mulholland Falls ,1996,10990,823
"Great White Hype, The ",1996,20759,824
"Arrival, The ",1996,10547,825
"Phantom, The ",1996,9826,826
Daylight ,1996,11228,827
Alaska ,1996,36344,828
Fled ,1996,18550,829
Power 98 ,1996,109478,830
Escape from L.A. ,1996,10061,831
Bogus ,1996,3587,832
Bulletproof ,1996,10723,833
Halloween: The Curse of Michael Myers ,1995,10987,834
"Gay Divorcee, The ",1934,28288,835
Ninotchka ,1939,1859,836
Meet John Doe ,1941,32574,837
In the Line of Duty 2 ,1996,27139,838
Loch Ness ,1995,51043,839
Last Man Standing ,1996,9333,840
"Glimmer Man, The ",1996,9625,841
Pollyanna ,1960,31102,842
"Shaggy Dog, The ",1959,15944,843
Freeway ,1996,11229,844
That Thing You Do! ,1996,9591,845
To Gillian on Her 37th Birthday ,1996,30500,846
Looking for Richard ,1996,42314,847
"Murder, My Sweet ",1944,1834,848
Days of Thunder ,1990,2119,849
"Perfect Candidate, A ",1996,124837,850
Two or Three Things I Know About Her ,1966,8074,851
"Bloody Child, The ",1996,124676,852
Braindead ,1992,763,853
Bad Taste ,1987,9964,854
Diva ,1981,4485,855
Night on Earth ,1991,339,856
Paris Was a Woman ,1996,96288,857
Amityville: Dollhouse ,1996,52263,858
April Fool's Day ,1986,24913,859
"Believers, The ",1987,32076,860
Nosferatu a Venezia ,1986,28198,861
Jingle All the Way ,1996,9279,862
"Garden of Finzi-Contini, The (Giardino dei Finzi-Contini, Il) ",1996,4789,863
My Fellow Americans ,1996,17795,864
"Ice Storm, The ",1997,68924,865
Michael ,1996,2928,866
"Whole Wide World, The ",1996,18451,867
Hearts and Minds ,1997,42449,868
Fools Rush In ,1997,1968,869
Touch ,1997,61563,870
Vegas Vacation ,1997,11419,871
Love Jones ,1997,27322,872
Picture Perfect ,1997,9413,873
Career Girls ,1997,49462,874
She's So Lovely ,1997,38295,875
Money Talks ,1997,9416,876
Excess Baggage ,1997,26180,877
That Darn Cat! ,1997,20735,878
"Peacemaker, The ",1997,6623,879
Soul Food ,1997,29461,880
Money Talks ,1997,9416,881
Washington Square ,1997,45019,882
Telling Lies in America ,1997,63437,883
Year of the Horse ,1997,62422,884
Phantoms ,1998,9827,885
"Life Less Ordinary, A ",1997,8067,886
Eve's Bayou ,1997,45153,887
One Night Stand ,1997,12616,888
"Tango Lesson, The ",1997,34838,889
Mortal Kombat: Annihilation ,1997,9823,890
Bent ,1997,19601,891
Flubber ,1997,9574,892
For Richer or Poorer ,1997,10371,893
Home Alone 3 ,1997,9714,894
Scream 2 ,1997,4233,895
"Sweet Hereafter, The ",1997,10217,896
Time Tracers ,1995,438108,897
"Postman, The ",1997,9922,898
"Winter Guest, The ",1997,25994,899
Kundun ,1997,9746,900
Mr. Magoo ,1997,9438,901
"Big Lebowski, The ",1997,115,902
Afterglow ,1997,26941,903
Ma vie en rose (My Life in Pink) ,1997,27103,904
Great Expectations ,1998,9410,905
Oscar & Lucinda ,1997,11365,906
Vermin ,1997,548312,907
Half Baked ,1998,9490,908
Dangerous Beauty ,1998,8583,909
Nil By Mouth ,1998,21252,910
Twilight ,1998,26269,911
U.S. Marshalls ,1998,-1,912
Love and Death on Long Island ,1998,47452,913
Wild Things ,1998,617,914
Primary Colors ,1998,9440,915
Lost in Space ,1998,2157,916
Mercury Rising ,1998,8838,917
City of Angels ,1998,795,918
"City of Lost Children, The ",1995,902,919
Two Bits ,1995,40628,920
Farewell My Concubine ,1993,10997,921
Dead Man ,1996,922,922
Raise the Red Lantern ,1991,10404,923
White Squall ,1996,10534,924
Unforgettable ,1996,2045,925
Down Periscope ,1996,9101,926
"Flower of My Secret, The (Flor de mi secreto, La) ",1996,4307,927
"Craft, The ",1996,9100,928
Harriet the Spy ,1996,38223,929
Chain Reaction ,1996,12123,930
"Island of Dr. Moreau, The ",1996,9306,931
First Kid ,1996,12559,932
"Funeral, The ",1996,21612,933
"Preacher's Wife, The ",1996,21539,934
Paradise Road ,1997,77223,935
Brassed Off ,1997,9450,936
"Thousand Acres, A ",1997,66588,937
"Smile Like Yours, A ",1997,33657,938
Murder in the First ,1995,8438,939
Airheads ,1994,13595,940
With Honors ,1994,16297,941
What's Love Got to Do with It ,1993,15765,942
Killing Zoe ,1994,507,943
Renaissance Man ,1994,11858,944
Charade ,1963,4808,945
"Fox and the Hound, The ",1981,10948,946
"Big Blue, The (Grand bleu, Le) ",1988,175,947
Booty Call ,1997,21915,948
How to Make an American Quilt ,1995,11861,949
Georgia ,1995,97406,950
"Indian in the Cupboard, The ",1995,11359,951
Blue in the Face ,1995,5894,952
Unstrung Heroes ,1995,52856,953
Unzipped ,1995,77350,954
Before Sunrise ,1995,76,955
Nobody's Fool ,1994,11593,956
Pushing Hands ,1992,25296,957
To Live (Huozhe) ,1994,31439,958
Dazed and Confused ,1993,9571,959
Naked ,1993,21450,960
Orlando ,1993,9300,961
Ruby in Paradise ,1993,47889,962
Some Folks Call It a Sling Blade ,1993,27768,963
"Month by the Lake, A ",1995,41007,964
Funny Face ,1957,13320,965
"Affair to Remember, An ",1957,8356,966
Little Lord Fauntleroy ,1936,23114,967
"Inspector General, The ",1949,40206,968
Winnie the Pooh and the Blustery Day ,1968,81310,969
Hear My Song ,1991,54405,970
Mediterraneo ,1991,38251,971
Passion Fish ,1992,41768,972
Grateful Dead ,1996,105993,973
Eye for an Eye ,1996,17182,974
Fear ,1996,10543,975
Solo ,1996,29621,976
"Substitute, The ",1996,20762,977
Heaven's Prisoners ,1996,36915,978
"Trigger Effect, The ",1996,58770,979
Mother Night ,1996,20318,980
Dangerous Ground ,1996,82656,981
Maximum Risk ,1996,10861,982
"Rich Man's Wife, The ",1996,44465,983
Shadow Conspiracy ,1997,38153,984
Blood & Wine ,1996,9431,985
Turbulence ,1997,34314,986
Underworld ,1997,85242,987
"Beautician and the Beast, The ",1997,17894,988
Cats Don't Dance ,1997,24662,989
Anna Karenina ,1997,50512,990
Keys to Tulsa ,1997,118991,991
Head Above Water ,1997,11103,992
Hercules ,1997,11970,993
"Last Time I Committed Suicide, The ",1997,34941,994
"Kiss Me, Guido ",1997,32519,995
"Big Green, The ",1995,26441,996
Stuart Saves His Family ,1995,28033,997
Cabin Boy ,1994,26391,998
Clean Slate ,1994,18658,999
Lightning Jack ,1994,22317,1000
"Stupids, The ",1996,16299,1001
"Pest, The ",1997,17949,1002
That Darn Cat! ,1997,20735,1003
Geronimo: An American Legend ,1993,35588,1004
"Double vie de Véronique, La (Double Life of Veronique, The) ",1991,-1,1005
Until the End of the World (Bis ans Ende der Welt) ,1991,275655,1006
Waiting for Guffman ,1997,16448,1007
I Shot Andy Warhol ,1996,26890,1008
Stealing Beauty ,1996,14553,1009
Basquiat ,1996,549,1010
2 Days in the Valley ,1996,9401,1011
Private Parts ,1997,9403,1012
Anaconda ,1997,9360,1013
Romy and Michele's High School Reunion ,1997,9611,1014
Shiloh ,1997,33660,1015
Con Air ,1997,1701,1016
Trees Lounge ,1996,27845,1017
Tie Me Up! Tie Me Down! ,1990,2469,1018
"Die xue shuang xiong (Killer, The) ",1989,112544,1019
Gaslight ,1944,13528,1020
8 1/2 ,1963,422,1021
"Fast, Cheap & Out of Control ",1997,25099,1022
Fathers' Day ,1997,12499,1023
Mrs. Dalloway ,1997,38904,1024
Fire Down Below ,1997,14289,1025
"Lay of the Land, The ",1997,377038,1026
"Shooter, The ",1995,55261,1027
Grumpier Old Men ,1995,15602,1028
Jury Duty ,1995,19326,1029
"Beverly Hillbillies, The ",1993,11041,1030
Lassie ,1994,29918,1031
Little Big League ,1994,31504,1032
Homeward Bound II: Lost in San Francisco ,1996,25059,1033
"Quest, The ",1996,9103,1034
Cool Runnings ,1993,864,1035
Drop Dead Fred ,1991,10379,1036
Grease 2 ,1982,9037,1037
Switchback ,1997,10871,1038
Hamlet ,1997,10549,1039
Two if by Sea ,1996,19760,1040
Forget Paris ,1995,10525,1041
Just Cause ,1995,9061,1042
Rent-a-Kid ,1995,36357,1043
"Paper, The ",1994,12280,1044
Fearless ,1993,10443,1045
Malice ,1993,2246,1046
Multiplicity ,1996,9304,1047
She's the One ,1996,11363,1048
House Arrest ,1996,18862,1049
"Ghost and Mrs. Muir, The ",1947,22292,1050
"Associate, The ",1996,11112,1051
Dracula: Dead and Loving It ,1995,12110,1052
Now and Then ,1995,9263,1053
Mr. Wrong ,1996,47475,1054
"Simple Twist of Fate, A ",1994,43535,1055
Cronos ,1992,14139,1056
"Pallbearer, The ",1996,23570,1057
"War, The ",1994,19855,1058
Don't Be a Menace to South Central While Drinking Your Juice in the Hood ,1996,10607,1059
"Adventures of Pinocchio, The ",1996,18975,1060
"Evening Star, The ",1996,30285,1061
Four Days in September ,1998,21253,1062
"Little Princess, A ",1995,19101,1063
Crossfire ,1947,28120,1064
Koyaanisqatsi ,1983,11314,1065
Balto ,1995,21032,1066
Bottle Rocket ,1996,13685,1067
"Star Maker, The (Uomo delle stelle, L') ",1996,247963,1068
Amateur ,1994,30157,1069
Living in Oblivion ,1995,9071,1070
Party Girl ,1995,36196,1071
"Pyromaniac's Love Story, A ",1995,2307,1072
Shallow Grave ,1994,9905,1073
Reality Bites ,1994,2788,1074
"Man of No Importance, A ",1994,52038,1075
"Pagemaster, The ",1994,15139,1076
Love and a .45 ,1994,15477,1077
Oliver & Company ,1988,12233,1078
Joe's Apartment ,1996,11962,1079
Celestial Clockwork ,1996,145079,1080
Curdled ,1996,12241,1081
Female Perversions ,1997,41801,1082
Albino Alligator ,1997,8744,1083
Anne Frank Remembered ,1996,51352,1084
Carried Away ,1996,36447,1085
It's My Party ,1996,33245,1086
Bloodsport 2 ,1996,25087,1087
Double Team ,1997,9405,1088
Speed 2: Cruise Control ,1997,1639,1089
Sliver ,1993,867,1090
Pete's Dragon ,1977,11114,1091
Dear God ,1996,38554,1092
Live Nude Girls ,1996,26271,1093
"Thin Line Between Love and Hate, A ",1996,28121,1094
High School High ,1996,9308,1095
Commandments ,1997,16399,1096
"Hate (Haine, La) ",1996,28121,1097
Flirting With Disaster ,1996,2074,1098
"Red Firecracker, Green Firecracker ",1994,159185,1099
What Happened Was... ,1994,83718,1100
Six Degrees of Separation ,1993,23210,1101
Two Much ,1996,46029,1102
Trust ,1990,37291,1103
C'est arrivé près de chez vous ,1992,-1,1104
Firestorm ,1998,41417,1105
"Newton Boys, The ",1998,42807,1106
Beyond Rangoon ,1995,1873,1107
Feast of July ,1995,259209,1108
Death and the Maiden ,1994,10531,1109
Tank Girl ,1995,9067,1110
Double Happiness ,1996,60855,1111
Cobb ,1994,29973,1112
Mrs. Parker and the Vicious Circle ,1994,23333,1113
Faithful ,1996,47502,1114
Twelfth Night ,1996,44705,1115
"Mark of Zorro, The ",1940,32093,1116
Surviving Picasso ,1996,41843,1117
Up in Smoke ,1978,11455,1118
Some Kind of Wonderful ,1987,15143,1119
I'm Not Rappaport ,1996,61536,1120
"Umbrellas of Cherbourg, The (Parapluies de Cherbourg, Les) ",1996,5967,1121
They Made Me a Criminal ,1939,26378,1122
"Last Time I Saw Paris, The ",1954,57575,1123
"Farewell to Arms, A ",1932,22649,1124
"Innocents, The ",1961,16372,1125
"Old Man and the Sea, The ",1958,11331,1126
"Truman Show, The ",1998,37165,1127
Heidi Fleiss: Hollywood Madam (,1996,63076,1128
Chungking Express ,1996,11104,1129
Jupiter's Wife ,1996,290157,1130
Safe ,1995,32646,1131
Feeling Minnesota ,1996,12656,1132
Escape to Witch Mountain ,1975,14821,1133
Get on the Bus ,1996,49471,1134
"Doors, The ",1991,10537,1135
Ghosts of Mississippi ,1996,31908,1136
Beautiful Thing ,1996,10938,1137
Best Men ,1997,19952,1138
Hackers ,1995,10428,1139
"Road to Wellville, The ",1994,10467,1140
"War Room, The ",1993,26408,1141
When We Were Kings ,1997,10548,1142
Hard Eight ,1997,8052,1143
"Quiet Room, The ",1997,88423,1144
Blue Chips ,1994,19819,1145
Calendar Girl ,1993,117553,1146
My Family ,1995,38722,1147
Tom & Viv ,1994,46797,1148
Walkabout ,1971,36040,1149
Last Dance ,1996,46063,1150
Original Gangstas ,1996,40507,1151
In Love and War ,1997,110644,1152
Backbeat ,1993,12635,1153
Alphaville ,1965,8072,1154
"Rendezvous in Paris (Rendez-vous de Paris, Les) ",1996,77056,1155
Cyclo ,1996,38366,1156
"Relic, The ",1997,11015,1157
"Fille seule, La (A Single Girl) ",1996,102461,1158
Stalker ,1979,1398,1159
Love! Valour! Compassion! ,1997,64802,1160
Palookaville ,1996,37616,1161
Phat Beach ,1996,92381,1162
"Portrait of a Lady, The ",1996,36758,1163
Zeus and Roxanne ,1997,42424,1164
Big Bully ,1996,36929,1165
Love & Human Remains ,1993,27804,1166
"Sum of Us, The ",1994,36614,1167
Little Buddha ,1993,1689,1168
Fresh ,1994,13815,1169
Spanking the Monkey ,1994,17600,1170
Wild Reeds ,1994,26933,1171
"Women, The ",1939,22490,1172
Bliss ,1997,63945,1173
Caught ,1996,47260,1174
Hugo Pool ,1997,32332,1175
Welcome To Sarajevo ,1997,14905,1176
Dunston Checks In ,1996,17414,1177
Major Payne ,1994,11008,1178
Man of the House ,1995,40490,1179
I Love Trouble ,1994,10879,1180
"Low Down Dirty Shame, A ",1994,26352,1181
Cops and Robbersons ,1994,26261,1182
"Cowboy Way, The ",1994,19176,1183
"Endless Summer 2, The ",1994,24257,1184
In the Army Now ,1994,12475,1185
"Inkwell, The ",1994,59930,1186
Switchblade Sisters ,1975,52633,1187
Young Guns II ,1990,9086,1188
Prefontaine ,1997,26306,1189
That Old Feeling ,1997,25796,1190
"Letter From Death Row, A ",1998,43911,1191
"Boys of St. Vincent, The ",1993,32119,1192
Before the Rain (Pred dozhdot) ,1994,19155,1193
Once Were Warriors ,1994,527,1194
Strawberry and Chocolate (Fresa y chocolate) ,1993,12527,1195
"Savage Nights (Nuits fauves, Les) ",1992,41878,1196
"Family Thing, A ",1996,41852,1197
Purple Noon ,1960,10363,1198
Cemetery Man (Dellamorte Dellamore) ,1996,21588,1199
Kim ,1950,110465,1200
Marlene Dietrich: Shadow and Light (,1996,-1,1201
"Maybe, Maybe Not (Bewegte Mann, Der) ",1996,159,1202
Top Hat ,1935,3080,1203
To Be or Not to Be ,1942,198,1204
"Secret Agent, The ",1996,47199,1205
Amos & Andrew ,1993,31000,1206
Jade ,1995,11863,1207
Kiss of Death ,1995,6071,1208
Mixed Nuts ,1994,24070,1209
Virtuosity ,1995,9271,1210
Blue Sky ,1994,57834,1211
Flesh and Bone ,1993,18551,1212
Guilty as Sin ,1993,4916,1213
In the Realm of the Senses (Ai no corrida) ,1976,5879,1214
Barb Wire ,1996,11867,1215
Kissed ,1997,21626,1216
Assassins ,1995,9691,1217
Friday ,1995,10634,1218
"Goofy Movie, A ",1995,15789,1219
Higher Learning ,1995,16295,1220
When a Man Loves a Woman ,1994,10449,1221
Judgment Night ,1993,6,1222
King of the Hill ,1993,34024,1223
"Scout, The ",1994,35233,1224
Angus ,1995,25969,1225
Night Falls on Manhattan ,1997,46027,1226
"Awfully Big Adventure, An ",1995,22279,1227
Under Siege 2: Dark Territory ,1995,3512,1228
Poison Ivy II ,1995,9264,1229
Ready to Wear (Pret-A-Porter) ,1994,3586,1230
Marked for Death ,1990,10173,1231
Madonna: Truth or Dare ,1991,10174,1232
Nénette et Boni ,1996,-1,1233
Chairman of the Board ,1998,31535,1234
"Big Bang Theory, The ",1994,-1,1235
"Other Voices, Other Rooms ",1997,64562,1236
Twisted ,1996,52537,1237
Full Speed ,1996,12799,1238
Cutthroat Island ,1995,1408,1239
Ghost in the Shell (Kokaku kidotai) ,1996,9323,1240
"Van, The ",1997,11844,1241
"Old Lady Who Walked in the Sea, The (Vieille qui marchait dans la mer, La) ",1991,78285,1242
Night Flier ,1998,12238,1243
Metro ,1997,8860,1244
Gridlock'd ,1997,12489,1245
Bushwhacked ,1995,26258,1246
Bad Girls ,1994,11853,1247
Blink ,1994,26203,1248
For Love or Money ,1993,9024,1249
Best of the Best 3: No Turning Back ,1995,36555,1250
A Chef in Love ,1997,105763,1251
"Contempt (Mépris, Le) ",1997,489289,1252
"Tie That Binds, The ",1995,79593,1253
Gone Fishin' ,1997,9054,1254
Broken English ,1997,124680,1255
"Designated Mourner, The ",1997,125021,1256
"Designated Mourner, The ",1997,125021,1257
Trial and Error ,1997,17770,1258
Pie in the Sky ,1996,110972,1259
Total Eclipse ,1995,36834,1260
"Run of the Country, The ",1995,221917,1261
Walking and Talking ,1996,49963,1262
Foxfire ,1996,18555,1263
Nothing to Lose ,1996,11676,1264
Star Maps ,1997,108401,1265
Bread and Chocolate (Pane e cioccolata) ,1973,51242,1266
Clockers ,1995,20649,1267
Bitter Moon ,1992,10497,1268
Love in the Afternoon ,1957,18299,1269
Life with Mikey ,1993,42580,1270
North ,1994,31586,1271
Talking About Sex ,1994,-1,1272
Color of Night ,1994,2124,1273
Robocop 3 ,1993,5550,1274
Killer (Bulletproof Heart) ,1994,399402,1275
Sunset Park ,1996,29649,1276
Set It Off ,1996,9400,1277
Selena ,1997,16052,1278
Wild America ,1997,38225,1279
Gang Related ,1997,14398,1280
Manny & Lo ,1996,88224,1281
"Grass Harp, The ",1996,46732,1282
Out to Sea ,1997,18080,1283
Before and After ,1996,43566,1284
Princess Caraboo ,1994,37345,1285
Shall We Dance? ,1937,31530,1286
Ed ,1996,32308,1287
Denise Calls Up ,1996,47449,1288
Jack and Sarah ,1996,2021,1289
Country Life ,1994,124460,1290
Celtic Pride ,1996,23449,1291
"Simple Wish, A ",1997,17834,1292
Star Kid ,1998,54007,1293
Ayn Rand: A Sense of Life ,1998,49645,1294
Kicked in the Head ,1997,56651,1295
Indian Summer ,1996,172545,1296
Love Affair ,1994,43742,1297
"Band Wagon, The ",1953,29376,1298
Penny Serenade ,1941,43795,1299
'Til There Was You ,1997,32872,1300
Stripes ,1981,10890,1301
Late Bloomers ,1997,413471,1302
"Getaway, The ",1994,2087,1303
New York Cop ,1996,149445,1304
National Lampoon's Senior Trip ,1995,27993,1305
Delta of Venus ,1994,38867,1306
Carmen Miranda: Bananas Is My Business ,1994,255546,1307
Babyfever ,1994,188589,1308
"Very Natural Thing, A ",1974,44495,1309
"Walk in the Sun, A ",1945,43488,1310
Waiting to Exhale ,1996,31357,1311
"Pompatus of Love, The ",1996,85328,1312
Palmetto ,1998,30949,1313
Surviving the Game ,1994,17585,1314
Inventing the Abbotts ,1997,12723,1315
"Horse Whisperer, The ",1997,547,1316
"Journey of August King, The ",1996,61548,1317
Catwalk ,1996,89333,1318
"Neon Bible, The ",1996,39428,1319
Homage ,1996,291731,1320
Open Season ,1996,203119,1321
Metisse (Café au Lait) ,1993,47507,1322
"Wooden Man's Bride, The (Wu Kui) ",1994,59146,1323
Loaded ,1996,54850,1324
August ,1996,161070,1325
Boys ,1996,43634,1326
Captives ,1994,37667,1327
Of Love and Shadows ,1996,90148,1328
"Low Life, The ",1996,87169,1329
An Unforgettable Summer ,1994,81949,1330
"Last Klezmer: Leopold Kozlowski, His Life and Music, The ",1995,-1,1331
My Life and Times With Antonin Artaud (En compagnie d'Antonin Artaud) ,1993,124306,1332
Midnight Dancers (Sibak) ,1994,183955,1333
Somebody to Love ,1996,297451,1334
American Buffalo ,1996,31546,1335
Kazaam ,1996,11511,1336
Larger Than Life ,1996,34170,1337
Two Deaths ,1996,490648,1338
Stefano Quantestorie ,1993,69895,1339
"Crude Oasis, The ",1995,525936,1340
Hedd Wyn ,1992,151489,1341
"Convent, The (Convento, O) ",1996,12724,1342
Lotto Land ,1995,124619,1343
"Story of Xinghua, The ",1993,297645,1344
"Day the Sun Turned Cold, The (Tianguo niezi) ",1994,48144,1345
Dingo ,1992,368995,1346
"Ballad of Narayama, The (Narayama Bushiko) ",1958,116690,1347
Every Other Weekend ,1990,213917,1348
Mille bolle blu ,1993,145925,1349
Crows and Sparrows ,1949,100914,1350
Lover's Knot ,1996,241058,1351
Shadow of Angels (Schatten der Engel) ,1976,10232,1352
1-900 ,1994,101230,1353
Venice/Venice ,1992,11162,1354
Infinity ,1996,2033,1355
Ed's Next Move ,1996,161806,1356
For the Moment ,1994,37218,1357
The Deadly Cure ,1996,-1,1358
Boys in Venice ,1996,-1,1359
"Sexual Life of the Belgians, The ",1994,116356,1360
"Search for One-eye Jimmy, The ",1996,67365,1361
American Strays ,1996,136311,1362
"Leopard Son, The ",1996,17642,1363
Bird of Prey ,1996,495764,1364
Johnny 100 Pesos ,1993,49688,1365
JLG/JLG - autoportrait de décembre ,1994,-1,1366
Faust ,1994,18919,1367
Mina Tannenbaum ,1994,86369,1368
"Forbidden Christ, The (Cristo proibito, Il) ",1950,199512,1369
I Can't Sleep (J'ai pas sommeil) ,1994,482561,1370
"Machine, The ",1994,41651,1371
"Stranger, The ",1994,449599,1372
Good Morning ,1971,243351,1373
Falling in Love Again ,1980,66597,1374
"Cement Garden, The ",1993,14832,1375
Meet Wally Sparks ,1997,40506,1376
Hotel de Love ,1997,58911,1377
Rhyme & Reason ,1997,90928,1378
Love and Other Catastrophes ,1997,76996,1379
Hollow Reed ,1997,93946,1380
Losing Chase ,1996,109614,1381
"Bonheur, Le ",1997,556108,1382
"Second Jungle Book: Mowgli & Baloo, The ",1997,50850,1383
Squeeze ,1997,49235,1384
Roseanna's Grave (For Roseanna) ,1997,65889,1385
Tetsuo II: Body Hammer ,1997,17991,1386
Fall ,1997,37567,1387
Gabbeh ,1997,43771,1388
Mondo ,1997,479037,1389
"Innocent Sleep, The ",1997,249358,1390
For Ever Mozart ,1997,111367,1391
"Locusts, The ",1997,75250,1392
Stag ,1997,36434,1393
Swept from the Sea ,1997,1959,1394
Hurricane Streets ,1998,125052,1395
Stonewall ,1996,273899,1396
Of Human Bondage ,1934,43905,1397
Anna ,1996,268135,1398
Stranger in the House ,1997,191874,1399
Picture Bride ,1995,30304,1400
M. Butterfly ,1993,1413,1401
"Ciao, Professore! ",1993,23637,1402
Caro Diario (Dear Diary) ,1994,25403,1403
Withnail and I ,1987,13446,1404
Boy's Life 2 ,1997,8092,1405
When Night Is Falling ,1995,8391,1406
"Specialist, The ",1994,2636,1407
Gordy ,1995,47867,1408
"Swan Princess, The ",1994,22586,1409
Harlem ,1993,9085,1410
Barbarella ,1968,8069,1411
Land Before Time III: The Time of the Great Giving (199,1995,19004,1412
Street Fighter ,1994,11667,1413
Coldblooded ,1995,32502,1414
"Next Karate Kid, The ",1994,11231,1415
No Escape ,1994,10447,1416
"Turning, The ",1997,61280,1417
"Joy Luck Club, The ",1993,19931,1418
Highlander III: The Sorcerer ,1994,8011,1419
Gilligan's Island: The Movie ,1997,-1,1420
My Crazy Life (Mi vida loca) ,1993,32325,1421
Suture ,1993,87078,1422
"Walking Dead, The ",1995,95963,1423
I Like It Like That ,1994,48992,1424
I'll Do Anything ,1994,106143,1425
Grace of My Heart ,1996,58985,1426
Drunks ,1996,8051,1427
SubUrbia ,1997,28059,1428
Sliding Doors ,1998,10215,1429
Ill Gotten Gains ,1997,102406,1430
Legal Deceit ,1997,531591,1431
"Mighty, The ",1998,9821,1432
Men of Means ,1997,216794,1433
Shooting Fish ,1998,25719,1434
"Steal Big, Steal Little ",1995,78406,1435
Mr. Jones ,1993,2625,1436
House Party 3 ,1994,16097,1437
Panther ,1995,41478,1438
Jason's Lyric ,1994,22067,1439
Above the Rim ,1994,19092,1440
Moonlight and Valentino ,1995,68274,1441
"Scarlet Letter, The ",1995,10533,1442
8 Seconds ,1994,18069,1443
That Darn Cat! ,1965,20723,1444
Ladybird Ladybird ,1994,49980,1445
"Bye Bye, Love ",1995,30528,1446
Century ,1993,261246,1447
My Favorite Season ,1996,52873,1448
Pather Panchali ,1996,5801,1449
Golden Earrings ,1947,121357,1450
Foreign Correspondent ,1940,25670,1451
Lady of Burlesque ,1943,50001,1452
Angel on My Shoulder ,1946,22688,1453
Angel and the Badman ,1947,22356,1454
"Outlaw, The ",1943,22613,1455
Beat the Devil ,1954,22733,1456
Love Is All There Is ,1996,55058,1457
"Damsel in Distress, A ",1937,66473,1458
Madame Butterfly ,1996,52356,1459
Sleepover ,1996,9893,1460
Here Comes Cookie ,1935,218713,1461
"Thieves (Voleurs, Les) ",1996,449443,1462
"Boys, Les ",1997,42832,1463
"Stars Fell on Henrietta, The ",1995,139408,1464
Last Summer in the Hamptons ,1995,188588,1465
Margaret's Museum ,1995,71754,1466
"Saint of Fort Washington, The ",1993,56583,1467
"Cure, The ",1995,6715,1468
Tom and Huck ,1995,45325,1469
Gumby: The Movie ,1995,43475,1470
Hideaway ,1995,27303,1471
"Visitors, The (Visiteurs, Les) ",1996,494680,1472
"Little Princess, The ",1939,26531,1473
Nina Takes a Lover ,1994,131957,1474
Bhaji on the Beach ,1993,14587,1475
Raw Deal ,1948,26167,1476
Nightwatch ,1997,2212,1477
Dead Presidents ,1995,11443,1478
Reckless ,1995,58372,1479
Herbie Rides Again ,1974,10869,1480
S.F.W. ,1994,29444,1481
"Gate of Heavenly Peace, The ",1996,52059,1482
"Man in the Iron Mask, The ",1998,9313,1483
"Jerky Boys, The ",1994,18713,1484
"Colonel Chabert, Le ",1994,41580,1485
Girl in the Cadillac ,1995,278939,1486
Even Cowgirls Get the Blues ,1993,34444,1487
Germinal ,1993,51980,1488
Chasers ,1994,24405,1489
Fausto ,1993,349394,1490
Tough and Deadly ,1995,80350,1491
Window to Paris ,1994,41043,1492
"Modern Affair, A ",1996,123505,1493
"Mostro, Il ",1996,336845,1494
Flirt ,1996,2074,1495
Carpool ,1996,23945,1496
"Line King: Al Hirschfeld, The ",1996,124829,1497
Farmer & Chase ,1997,65753,1498
Grosse Fatigue ,1994,64567,1499
Santa with Muscles ,1996,31388,1500
Prisoner of the Mountains (Kavkazsky Plennik) ,1997,55936,1501
Naked in New York ,1994,11800,1502
Gold Diggers: The Secret of Bear Mountain ,1995,35645,1503
"Bewegte Mann, Der ",1996,159,1504
Killer: A Journal of Murder ,1996,59569,1505
Nelly & Monsieur Arnaud ,1996,12652,1506
Three Lives and Only One Death ,1996,55049,1507
"Babysitter, The ",1995,37141,1508
Getting Even with Dad ,1994,41579,1509
Mad Dog Time ,1996,66034,1510
Children of the Revolution ,1997,9977,1511
"World of Apu, The (Apur Sansar) ",1996,896,1512
Sprung ,1997,60082,1513
Dream With the Fishes ,1997,47686,1514
Wings of Courage ,1995,78802,1515
"Wedding Gift, The ",1994,53185,1516
Race the Sun ,1996,55731,1517
Losing Isaiah ,1995,28313,1518
New Jersey Drive ,1995,39310,1519
"Fear, The ",1995,75555,1520
Mr. Wonderful ,1993,31911,1521
Trial by Jury ,1994,41590,1522
"Good Man in Africa, A ",1994,41006,1523
Kaspar Hauser ,1996,12632,1524
"Object of My Affection, The ",1998,17127,1525
Witness ,1985,9281,1526
Senseless ,1998,12538,1527
Nowhere ,1997,1811,1528
Underground ,1996,11902,1529
Jefferson in Paris ,1995,87729,1530
Far From Home: The Adventures of Yellow Dog ,1995,27985,1531
Foreign Student ,1994,95743,1532
I Don't Want to Talk About It (De eso no se habla) ,1993,124304,1533
Twin Town ,1997,15321,1534
"Enfer, L' ",1994,17961,1535
Aiqing wansui ,1996,-1,1536
Cosi ,1997,90214,1537
All Over Me ,1997,12793,1538
Being Human ,1993,46924,1539
"Amazing Panda Adventure, The ",1995,30765,1540
"Beans of Egypt, Maine, The ",1994,218473,1541
"Scarlet Letter, The ",1926,85638,1542
Johns ,1996,56830,1543
It Takes Two ,1995,33689,1544
Frankie Starlight ,1995,73067,1545
Shadows (Cienie) ,1988,15484,1546
"Show, The ",1995,16115,1547
The Courtyard ,1995,224516,1548
Dream Man ,1995,61813,1549
Destiny Turns on the Radio ,1995,62488,1550
"Glass Shield, The ",1994,72031,1551
"Hunted, The ",1995,32631,1552
"Underneath, The ",1995,36141,1553
Safe Passage ,1994,49803,1554
"Secret Adventures of Tom Thumb, The ",1993,18242,1555
Condition Red ,1995,340210,1556
Yankee Zulu ,1996,16417,1557
Aparajito ,1996,197837,1558
Hostile Intentions ,1994,288173,1559
Clean Slate (Coup de Torchon) ,1981,18658,1560
Tigrero: A Film That Was Never Made ,1994,88030,1561
"Eye of Vichy, The (Oeil de Vichy, L') ",1993,185191,1562
"Promise, The (Versprechen, Das) ",1994,354859,1563
To Cross the Rubicon ,1991,277270,1564
Daens ,1992,44103,1565
"Man from Down Under, The ",1943,245268,1566
Careful ,1992,55613,1567
Vermont Is For Lovers ,1992,215107,1568
"Vie est belle, La (Life is Rosey) ",1987,202425,1569
Quartier Mozart ,1992,196940,1570
Touki Bouki (Journey of the Hyena) ,1973,77771,1571
Wend Kuuni (God's Gift) ,1982,181083,1572
Spirits of the Dead (Tre passi nel delirio) ,1968,41225,1573
Pharaoh's Army ,1995,87190,1574
"I, Worst of All (Yo, la peor de todas) ",1990,123763,1575
"Hungarian Fairy Tale, A ",1987,42005,1576
"Death in the Garden (Mort en ce jardin, La) ",1956,121030,1577
"Collectionneuse, La ",1967,4837,1578
Baton Rouge ,1988,253632,1579
Liebelei ,1933,43596,1580
"Woman in Question, The ",1950,27256,1581
T-Men ,1947,26174,1582
"Invitation, The (Zaproszenie) ",1986,306947,1583
"Symphonie pastorale, La ",1946,117500,1584
American Dream ,1990,41326,1585
Lashou shentan ,1992,-1,1586
Terror in a Texas Town ,1958,46681,1587
Salut cousin! ,1997,60083,1588
Schizopolis ,1997,16375,1589
"To Have, or Not ",1997,124642,1590
Duoluo tianshi ,1998,-1,1591
"Magic Hour, The ",1998,46361,1592
Death in Brunswick ,1996,37820,1593
Everest ,1998,21736,1594
Shopping ,1996,2293,1595
Nemesis 2: Nebula ,1995,63105,1596
Romper Stomper ,1992,10412,1597
City of Industry ,1997,18420,1598
Someone Else's America ,1996,124633,1599
Guantanamera ,1997,43775,1600
Office Killer ,1997,49728,1601
"Price Above Rubies, A ",1998,44308,1602
Angela ,1996,539236,1603
He Walked by Night ,1948,31556,1604
Love Serenade ,1997,65046,1605
Deceiver ,1997,14583,1606
Hurricane Streets ,1998,125052,1607
Buddy ,1997,15170,1608
B*A*P*S ,1997,18423,1609
"Truth or Consequences, N.M. ",1997,31017,1610
Intimate Relations ,1997,68545,1611
"Leading Man, The ",1998,46338,1612
Tokyo Fist ,1998,41577,1613
"Reluctant Debutante, The ",1958,64382,1614
Warriors of Virtue ,1997,49478,1615
Desert Winds ,1995,267188,1616
Hugo Pool ,1997,32332,1617
King of New York ,1990,9558,1618
All Things Fair ,1996,27098,1619
"Sixth Man, The ",1997,36807,1620
Butterfly Kiss ,1996,436367,1621
"Paris, France ",1993,161158,1622
"Cérémonie, La ",1996,-1,1623
Hush ,1998,17941,1624
Nightwatch ,1997,2212,1625
Nobody Loves Me (Keiner liebt mich) ,1996,483879,1626
"Wife, The ",1996,21539,1627
Lamerica ,1994,49133,1628
Nico Icon ,1995,124626,1629
"Silence of the Palace, The (Saimt el Qusur) ",1996,44284,1630
"Slingshot, The ",1993,41653,1631
Land and Freedom (Tierra y libertad) ,1996,38884,1632
Á köldum klaka (Cold Fever) ,1996,-1,1633
Etz Hadomim Tafus (Under the Domin Tree) ,1996,117730,1634
Two Friends (,1986,123067,1635
Brothers in Trouble ,1996,124613,1636
Girls Town ,1996,110513,1637
Normal Life ,1996,23223,1638
Bitter Sugar (Azucar Amargo) ,1996,43777,1639
"Eighth Day, The ",1996,36998,1640
Dadetown ,1996,85588,1641
Some Mother's Son ,1996,58102,1642
Angel Baby ,1997,110299,1643
Sudden Manhattan ,1997,106129,1644
"Butcher Boy, The ",1998,22797,1645
Men With Guns ,1998,320011,1646
Hana-bi ,1998,5910,1647
"Niagara, Niagara ",1998,19997,1648
"Big One, The ",1998,1774,1649
"Butcher Boy, The ",1998,22797,1650
"Spanish Prisoner, The ",1998,29193,1651
Temptress Moon (Feng Yue) ,1997,47694,1652
Entertaining Angels: The Dorothy Day Story ,1996,99479,1653
Chairman of the Board ,1998,31535,1654
"Favor, The ",1994,50463,1655
Little City ,1998,102732,1656
Target ,1996,466194,1657
"Substance of Fire, The ",1996,168535,1658
Getting Away With Murder ,1996,25697,1659
Small Faces ,1996,42758,1660
"New Age, The ",1994,41588,1661
Rough Magic ,1997,45671,1662
Nothing Personal ,1997,45806,1663
8 Heads in a Duffel Bag ,1997,13982,1664
"Brother's Kiss, A ",1997,102878,1665
Ripe ,1997,457262,1666
"Next Step, The ",1997,291634,1667
Wedding Bell Blues ,1997,107743,1668
MURDER and murder ,1997,407992,1669
Tainted ,1998,281289,1670
"Further Gesture, A ",1998,47112,1671
Kika ,1993,8223,1672
Mirage ,1995,226229,1673
Mamma Roma ,1962,47796,1674
"Sunchaser, The ",1996,38191,1675
"War at Home, The ",1996,59232,1676
Sweet Nothing ,1996,124851,1677
Mat' i syn ,1998,441646,1678
B. Monkey ,1998,2923,1679
Sliding Doors ,1998,10215,1680
You So Crazy ,1994,38129,1681
Scream of Stone (Schrei aus Stein) ,1996,88893,1682
