movie_title,year,movie+title,tmdb_id
Toy Story ,1995.0,Toy+Story,
GoldenEye ,1995.0,GoldenEye,
Four Rooms ,1995.0,Four+Rooms,
Get Shorty ,1995.0,Get+Shorty,
Copycat ,1995.0,Copycat,
Shanghai Triad (Yao a yao yao dao waipo qiao) ,1995.0,Shanghai+Triad,
Twelve Monkeys ,1995.0,Twelve+Monkeys,
Babe ,1995.0,Babe,
Dead Man Walking ,1995.0,Dead+Man+Walking,
Richard III ,1996.0,Richard+III,
Seven (Se7en) ,1995.0,Seven,
"Usual Suspects, The ",1995.0,"Usual+Suspects,+The",
Mighty Aphrodite ,1995.0,Mighty+Aphrodite,
"Postino, Il ",1994.0,"Postino,+Il",
Mr. Holland's Opus ,1996.0,Mr.+Holland's+Opus,
French Twist (Gazon maudit) ,1995.0,French+Twist,
From Dusk Till Dawn ,1996.0,From+Dusk+Till+Dawn,
"White Balloon, The ",1995.0,"White+Balloon,+The",
Antonia's Line ,1995.0,Antonia's+Line,
Angels and Insects ,1995.0,Angels+and+Insects,
Muppet Treasure Island ,1996.0,Muppet+Treasure+Island,
Braveheart ,1996.0,Braveheart,
Taxi Driver ,1996.0,Taxi+Driver,
Rumble in the Bronx ,1996.0,Rumble+in+the+Bronx,
"Birdcage, The ",1996.0,"Birdcage,+The",
"Brothers McMullen, The ",1995.0,"Brothers+McMullen,+The",
Bad Boys ,1995.0,Bad+Boys,
Apollo 13 ,1995.0,Apollo+13,
Batman Forever ,1995.0,Batman+Forever,
Belle de jour ,1967.0,Belle+de+jour,
Crimson Tide ,1995.0,Crimson+Tide,
Crumb ,1994.0,Crumb,
Desperado ,1995.0,Desperado,
"Doom Generation, The ",1995.0,"Doom+Generation,+The",
Free Willy 2: The Adventure Home ,1995.0,Free+Willy+2:+The+Adventure+Home,
Mad Love ,1995.0,Mad+Love,
Nadja ,1994.0,Nadja,
"Net, The ",1995.0,"Net,+The",
Strange Days ,1995.0,Strange+Days,
"To Wong Foo, Thanks for Everything! Julie Newmar ",1995.0,"To+Wong+Foo,+Thanks+for+Everything!+Julie+Newmar",
Billy Madison ,1995.0,Billy+Madison,
Clerks ,1994.0,Clerks,
Disclosure ,1994.0,Disclosure,
Dolores Claiborne ,1994.0,Dolores+Claiborne,
Eat Drink Man Woman ,1994.0,Eat+Drink+Man+Woman,
Exotica ,1994.0,Exotica,
Ed Wood ,1994.0,Ed+Wood,
Hoop Dreams ,1994.0,Hoop+Dreams,
I.Q. ,1994.0,I.Q.,
Star Wars ,1977.0,Star+Wars,
Legends of the Fall ,1994.0,Legends+of+the+Fall,
"Madness of King George, The ",1994.0,"Madness+of+King+George,+The",
Natural Born Killers ,1994.0,Natural+Born+Killers,
Outbreak ,1995.0,Outbreak,
"Professional, The ",1994.0,"Professional,+The",
Pulp Fiction ,1994.0,Pulp+Fiction,
Priest ,1994.0,Priest,
Quiz Show ,1994.0,Quiz+Show,
Three Colors: Red ,1994.0,Three+Colors:+Red,
Three Colors: Blue ,1993.0,Three+Colors:+Blue,
Three Colors: White ,1994.0,Three+Colors:+White,
Stargate ,1994.0,Stargate,
"Santa Clause, The ",1994.0,"Santa+Clause,+The",
"Shawshank Redemption, The ",1994.0,"Shawshank+Redemption,+The",
What's Eating Gilbert Grape ,1993.0,What's+Eating+Gilbert+Grape,
While You Were Sleeping ,1995.0,While+You+Were+Sleeping,
Ace Ventura: Pet Detective ,1994.0,Ace+Ventura:+Pet+Detective,
"Crow, The ",1994.0,"Crow,+The",
Forrest Gump ,1994.0,Forrest+Gump,
Four Weddings and a Funeral ,1994.0,Four+Weddings+and+a+Funeral,
"Lion King, The ",1994.0,"Lion+King,+The",
"Mask, The ",1994.0,"Mask,+The",
Maverick ,1994.0,Maverick,
Faster Pussycat! Kill! Kill! ,1965.0,Faster+Pussycat!+Kill!+Kill!,
Brother Minister: The Assassination of Malcolm X ,1994.0,Brother+Minister:+The+Assassination+of+Malcolm+X,
Carlito's Way ,1993.0,Carlito's+Way,
"Firm, The ",1993.0,"Firm,+The",
Free Willy ,1993.0,Free+Willy,
"Fugitive, The ",1993.0,"Fugitive,+The",
Hot Shots! Part Deux ,1993.0,Hot+Shots!+Part+Deux,
"Hudsucker Proxy, The ",1994.0,"Hudsucker+Proxy,+The",
Jurassic Park ,1993.0,Jurassic+Park,
Much Ado About Nothing ,1993.0,Much+Ado+About+Nothing,
Robert A. Heinlein's The Puppet Masters ,1994.0,Robert+A.+Heinlein's+The+Puppet+Masters,
"Ref, The ",1994.0,"Ref,+The",
"Remains of the Day, The ",1993.0,"Remains+of+the+Day,+The",
Searching for Bobby Fischer ,1993.0,Searching+for+Bobby+Fischer,
Sleepless in Seattle ,1993.0,Sleepless+in+Seattle,
Blade Runner ,1982.0,Blade+Runner,
So I Married an Axe Murderer ,1993.0,So+I+Married+an+Axe+Murderer,
"Nightmare Before Christmas, The ",1993.0,"Nightmare+Before+Christmas,+The",
True Romance ,1993.0,True+Romance,
Welcome to the Dollhouse ,1996.0,Welcome+to+the+Dollhouse,
Home Alone ,1990.0,Home+Alone,
Aladdin ,1992.0,Aladdin,
Terminator 2: Judgment Day ,1991.0,Terminator+2:+Judgment+Day,
Dances with Wolves ,1990.0,Dances+with+Wolves,
"Silence of the Lambs, The ",1991.0,"Silence+of+the+Lambs,+The",
Snow White and the Seven Dwarfs ,1937.0,Snow+White+and+the+Seven+Dwarfs,
Fargo ,1997.0,Fargo,
Heavy Metal ,1981.0,Heavy+Metal,
"Aristocats, The ",1970.0,"Aristocats,+The",
All Dogs Go to Heaven 2 ,1996.0,All+Dogs+Go+to+Heaven+2,
Theodore Rex ,1996.0,Theodore+Rex,
Sgt. Bilko ,1996.0,Sgt.+Bilko,
Diabolique ,1996.0,Diabolique,
Moll Flanders ,1996.0,Moll+Flanders,
Kids in the Hall: Brain Candy ,1996.0,Kids+in+the+Hall:+Brain+Candy,
Mystery Science Theater 3000: The Movie ,1996.0,Mystery+Science+Theater+3000:+The+Movie,
Operation Dumbo Drop ,1995.0,Operation+Dumbo+Drop,
"Truth About Cats & Dogs, The ",1996.0,"Truth+About+Cats+&+Dogs,+The",
Flipper ,1996.0,Flipper,
"Horseman on the Roof, The (Hussard sur le toit, Le) ",1996.0,"Horseman+on+the+Roof,+The",
Wallace & Gromit: The Best of Aardman Animation ,1996.0,Wallace+&+Gromit:+The+Best+of+Aardman+Animation,
"Haunted World of Edward D. Wood Jr., The ",1996.0,"Haunted+World+of+Edward+D.+Wood+Jr.,+The",
Cold Comfort Farm ,1996.0,Cold+Comfort+Farm,
"Rock, The ",1996.0,"Rock,+The",
Twister ,1996.0,Twister,
Maya Lin: A Strong Clear Vision ,1994.0,Maya+Lin:+A+Strong+Clear+Vision,
Striptease ,1996.0,Striptease,
Independence Day (ID4) ,1996.0,Independence+Day,
"Cable Guy, The ",1996.0,"Cable+Guy,+The",
"Frighteners, The ",1996.0,"Frighteners,+The",
Lone Star ,1996.0,Lone+Star,
Phenomenon ,1996.0,Phenomenon,
"Spitfire Grill, The ",1996.0,"Spitfire+Grill,+The",
"Godfather, The ",1972.0,"Godfather,+The",
Supercop ,1996.0,Supercop,
Bound ,1996.0,Bound,
Kansas City ,1996.0,Kansas+City,
Breakfast at Tiffany's ,1961.0,Breakfast+at+Tiffany's,
"Wizard of Oz, The ",1939.0,"Wizard+of+Oz,+The",
Gone with the Wind ,1939.0,Gone+with+the+Wind,
Citizen Kane ,1941.0,Citizen+Kane,
2001: A Space Odyssey ,1968.0,2001:+A+Space+Odyssey,
Mr. Smith Goes to Washington ,1939.0,Mr.+Smith+Goes+to+Washington,
Big Night ,1996.0,Big+Night,
D3: The Mighty Ducks ,1996.0,D3:+The+Mighty+Ducks,
"Love Bug, The ",1969.0,"Love+Bug,+The",
Homeward Bound: The Incredible Journey ,1993.0,Homeward+Bound:+The+Incredible+Journey,
"20,000 Leagues Under the Sea ",1954.0,"20,000+Leagues+Under+the+Sea",
Bedknobs and Broomsticks ,1971.0,Bedknobs+and+Broomsticks,
"Sound of Music, The ",1965.0,"Sound+of+Music,+The",
Die Hard ,1988.0,Die+Hard,
"Lawnmower Man, The ",1992.0,"Lawnmower+Man,+The",
Unhook the Stars ,1996.0,Unhook+the+Stars,
"Long Kiss Goodnight, The ",1996.0,"Long+Kiss+Goodnight,+The",
"Ghost and the Darkness, The ",1996.0,"Ghost+and+the+Darkness,+The",
Jude ,1996.0,Jude,
Swingers ,1996.0,Swingers,
Willy Wonka and the Chocolate Factory ,1971.0,Willy+Wonka+and+the+Chocolate+Factory,
Sleeper ,1973.0,Sleeper,
"Fish Called Wanda, A ",1988.0,"Fish+Called+Wanda,+A",
Monty Python's Life of Brian ,1979.0,Monty+Python's+Life+of+Brian,
Dirty Dancing ,1987.0,Dirty+Dancing,
Reservoir Dogs ,1992.0,Reservoir+Dogs,
Platoon ,1986.0,Platoon,
Weekend at Bernie's ,1989.0,Weekend+at+Bernie's,
Basic Instinct ,1992.0,Basic+Instinct,
Glengarry Glen Ross ,1992.0,Glengarry+Glen+Ross,
Top Gun ,1986.0,Top+Gun,
On Golden Pond ,1981.0,On+Golden+Pond,
"Return of the Pink Panther, The ",1974.0,"Return+of+the+Pink+Panther,+The",
"Abyss, The ",1989.0,"Abyss,+The",
Jean de Florette ,1986.0,Jean+de+Florette,
Manon of the Spring (Manon des sources) ,1986.0,Manon+of+the+Spring,
Private Benjamin ,1980.0,Private+Benjamin,
Monty Python and the Holy Grail ,1974.0,Monty+Python+and+the+Holy+Grail,
"Wrong Trousers, The ",1993.0,"Wrong+Trousers,+The",
Cinema Paradiso ,1988.0,Cinema+Paradiso,
Delicatessen ,1991.0,Delicatessen,
"Empire Strikes Back, The ",1980.0,"Empire+Strikes+Back,+The",
"Princess Bride, The ",1987.0,"Princess+Bride,+The",
Raiders of the Lost Ark ,1981.0,Raiders+of+the+Lost+Ark,
Brazil ,1985.0,Brazil,
Aliens ,1986.0,Aliens,
"Good, The Bad and The Ugly, The ",1966.0,"Good,+The+Bad+and+The+Ugly,+The",
12 Angry Men ,1957.0,12+Angry+Men,
"Clockwork Orange, A ",1971.0,"Clockwork+Orange,+A",
Apocalypse Now ,1979.0,Apocalypse+Now,
Return of the Jedi ,1997.0,Return+of+the+Jedi,
GoodFellas ,1990.0,GoodFellas,
Alien ,1979.0,Alien,
Army of Darkness ,1993.0,Army+of+Darkness,
Psycho ,1960.0,Psycho,
"Blues Brothers, The ",1980.0,"Blues+Brothers,+The",
"Godfather: Part II, The ",1974.0,"Godfather:+Part+II,+The",
Full Metal Jacket ,1987.0,Full+Metal+Jacket,
"Grand Day Out, A ",1992.0,"Grand+Day+Out,+A",
Henry V ,1989.0,Henry+V,
Amadeus ,1984.0,Amadeus,
Raging Bull ,1980.0,Raging+Bull,
"Right Stuff, The ",1983.0,"Right+Stuff,+The",
"Sting, The ",1973.0,"Sting,+The",
"Terminator, The ",1984.0,"Terminator,+The",
Dead Poets Society ,1989.0,Dead+Poets+Society,
"Graduate, The ",1967.0,"Graduate,+The",
Nikita (La Femme Nikita) ,1990.0,Nikita,
"Bridge on the River Kwai, The ",1957.0,"Bridge+on+the+River+Kwai,+The",
"Shining, The ",1980.0,"Shining,+The",
Evil Dead II ,1987.0,Evil+Dead+II,
Groundhog Day ,1993.0,Groundhog+Day,
Unforgiven ,1992.0,Unforgiven,
Back to the Future ,1985.0,Back+to+the+Future,
Patton ,1970.0,Patton,
Akira ,1988.0,Akira,
Cyrano de Bergerac ,1990.0,Cyrano+de+Bergerac,
Young Frankenstein ,1974.0,Young+Frankenstein,
This Is Spinal Tap ,1984.0,This+Is+Spinal+Tap,
Indiana Jones and the Last Crusade ,1989.0,Indiana+Jones+and+the+Last+Crusade,
M*A*S*H ,1970.0,M*A*S*H,
"Unbearable Lightness of Being, The ",1988.0,"Unbearable+Lightness+of+Being,+The",
"Room with a View, A ",1986.0,"Room+with+a+View,+A",
Pink Floyd - The Wall ,1982.0,Pink+Floyd+-+The+Wall,
Field of Dreams ,1989.0,Field+of+Dreams,
When Harry Met Sally... ,1989.0,When+Harry+Met+Sally...,
Bram Stoker's Dracula ,1992.0,Bram+Stoker's+Dracula,
Cape Fear ,1991.0,Cape+Fear,
"Nightmare on Elm Street, A ",1984.0,"Nightmare+on+Elm+Street,+A",
"Mirror Has Two Faces, The ",1996.0,"Mirror+Has+Two+Faces,+The",
Breaking the Waves ,1996.0,Breaking+the+Waves,
Star Trek: First Contact ,1996.0,Star+Trek:+First+Contact,
Sling Blade ,1996.0,Sling+Blade,
Ridicule ,1996.0,Ridicule,
101 Dalmatians ,1996.0,101+Dalmatians,
Die Hard 2 ,1990.0,Die+Hard+2,
Star Trek VI: The Undiscovered Country ,1991.0,Star+Trek+VI:+The+Undiscovered+Country,
Star Trek: The Wrath of Khan ,1982.0,Star+Trek:+The+Wrath+of+Khan,
Star Trek III: The Search for Spock ,1984.0,Star+Trek+III:+The+Search+for+Spock,
Star Trek IV: The Voyage Home ,1986.0,Star+Trek+IV:+The+Voyage+Home,
Batman Returns ,1992.0,Batman+Returns,
Young Guns ,1988.0,Young+Guns,
Under Siege ,1992.0,Under+Siege,
Jaws ,1975.0,Jaws,
Mars Attacks! ,1996.0,Mars+Attacks!,
Citizen Ruth ,1996.0,Citizen+Ruth,
Jerry Maguire ,1996.0,Jerry+Maguire,
Raising Arizona ,1987.0,Raising+Arizona,
Sneakers ,1992.0,Sneakers,
Beavis and Butt-head Do America ,1996.0,Beavis+and+Butt-head+Do+America,
"Last of the Mohicans, The ",1992.0,"Last+of+the+Mohicans,+The",
Kolya ,1997.0,Kolya,
Jungle2Jungle ,1997.0,Jungle2Jungle,-1.0
Smilla's Sense of Snow ,1997.0,Smilla's+Sense+of+Snow,
"Devil's Own, The ",1997.0,"Devil's+Own,+The",
Chasing Amy ,1997.0,Chasing+Amy,
Turbo: A Power Rangers Movie ,1997.0,Turbo:+A+Power+Rangers+Movie,
Grosse Pointe Blank ,1997.0,Grosse+Pointe+Blank,
Austin Powers: International Man of Mystery ,1997.0,Austin+Powers:+International+Man+of+Mystery,
"Fifth Element, The ",1997.0,"Fifth+Element,+The",
Shall We Dance? ,1997.0,Shall+We+Dance?,
"Lost World: Jurassic Park, The ",1997.0,"Lost+World:+Jurassic+Park,+The",
"Pillow Book, The ",1997.0,"Pillow+Book,+The",
Batman & Robin ,1997.0,Batman+&+Robin,
My Best Friend's Wedding ,1997.0,My+Best+Friend's+Wedding,
When the Cats Away (Chacun cherche son chat) ,1997.0,When+the+Cats+Away,
Men in Black ,1997.0,Men+in+Black,
Contact ,1997.0,Contact,
George of the Jungle ,1997.0,George+of+the+Jungle,
Event Horizon ,1997.0,Event+Horizon,
Air Bud ,1997.0,Air+Bud,
In the Company of Men ,1997.0,In+the+Company+of+Men,
Steel ,1997.0,Steel,
Mimic ,1997.0,Mimic,
"Hunt for Red October, The ",1990.0,"Hunt+for+Red+October,+The",
Kull the Conqueror ,1997.0,Kull+the+Conqueror,
u,,,
Chasing Amy ,1997.0,Chasing+Amy,
"Full Monty, The ",1997.0,"Full+Monty,+The",
Gattaca ,1997.0,Gattaca,
Starship Troopers ,1997.0,Starship+Troopers,
Good Will Hunting ,1997.0,Good+Will+Hunting,
Heat ,1995.0,Heat,
Sabrina ,1995.0,Sabrina,
Sense and Sensibility ,1995.0,Sense+and+Sensibility,
Leaving Las Vegas ,1995.0,Leaving+Las+Vegas,
Restoration ,1995.0,Restoration,
Bed of Roses ,1996.0,Bed+of+Roses,
Once Upon a Time... When We Were Colored ,1995.0,Once+Upon+a+Time...+When+We+Were+Colored,
Up Close and Personal ,1996.0,Up+Close+and+Personal,
"River Wild, The ",1994.0,"River+Wild,+The",
"Time to Kill, A ",1996.0,"Time+to+Kill,+A",
Emma ,1996.0,Emma,
Tin Cup ,1996.0,Tin+Cup,
Secrets & Lies ,1996.0,Secrets+&+Lies,
"English Patient, The ",1996.0,"English+Patient,+The",
Marvin's Room ,1996.0,Marvin's+Room,
Scream ,1996.0,Scream,
Evita ,1996.0,Evita,
Fierce Creatures ,1997.0,Fierce+Creatures,
Absolute Power ,1997.0,Absolute+Power,
Rosewood ,1997.0,Rosewood,
Donnie Brasco ,1997.0,Donnie+Brasco,
Liar Liar ,1997.0,Liar+Liar,
Breakdown ,1997.0,Breakdown,
"Promesse, La ",1997.0,"Promesse,+La",
Ulee's Gold ,1997.0,Ulee's+Gold,
Face/Off ,1997.0,Face/Off,
Hoodlum ,1997.0,Hoodlum,
Air Force One ,1997.0,Air+Force+One,
In & Out ,1997.0,In+&+Out,
L.A. Confidential ,1997.0,L.A.+Confidential,
Ulee's Gold ,1997.0,Ulee's+Gold,
Fly Away Home ,1996.0,Fly+Away+Home,
"Ice Storm, The ",1997.0,"Ice+Storm,+The",
"Mrs. Brown (Her Majesty, Mrs. Brown) ",1997.0,Mrs.+Brown,
"Devil's Advocate, The ",1997.0,"Devil's+Advocate,+The",
FairyTale: A True Story ,1997.0,FairyTale:+A+True+Story,
Deceiver ,1997.0,Deceiver,
"Rainmaker, The ",1997.0,"Rainmaker,+The",
"Wings of the Dove, The ",1997.0,"Wings+of+the+Dove,+The",
Midnight in the Garden of Good and Evil ,1997.0,Midnight+in+the+Garden+of+Good+and+Evil,
Titanic ,1997.0,Titanic,
3 Ninjas: High Noon At Mega Mountain ,1997.0,3+Ninjas:+High+Noon+At+Mega+Mountain,
Apt Pupil ,1998.0,Apt+Pupil,
As Good As It Gets ,1997.0,As+Good+As+It+Gets,
In the Name of the Father ,1993.0,In+the+Name+of+the+Father,
Schindler's List ,1993.0,Schindler's+List,
Everyone Says I Love You ,1996.0,Everyone+Says+I+Love+You,
Paradise Lost: The Child Murders at Robin Hood Hills ,1996.0,Paradise+Lost:+The+Child+Murders+at+Robin+Hood+Hills,
Mother ,1996.0,Mother,
Murder at 1600 ,1997.0,Murder+at+1600,
Dante's Peak ,1997.0,Dante's+Peak,
Lost Highway ,1997.0,Lost+Highway,
Crash ,1997.0,Crash,
G.I. Jane ,1997.0,G.I.+Jane,
Cop Land ,1997.0,Cop+Land,
Conspiracy Theory ,1997.0,Conspiracy+Theory,
Desperate Measures ,1998.0,Desperate+Measures,
187 ,1997.0,187,
"Edge, The ",1997.0,"Edge,+The",
Kiss the Girls ,1997.0,Kiss+the+Girls,
"Game, The ",1997.0,"Game,+The",
U Turn ,1997.0,U+Turn,
How to Be a Player ,1997.0,How+to+Be+a+Player,
Playing God ,1997.0,Playing+God,
"House of Yes, The ",1997.0,"House+of+Yes,+The",
Bean ,1997.0,Bean,
Mad City ,1997.0,Mad+City,
Boogie Nights ,1997.0,Boogie+Nights,
Critical Care ,1997.0,Critical+Care,
"Man Who Knew Too Little, The ",1997.0,"Man+Who+Knew+Too+Little,+The",
Alien: Resurrection ,1997.0,Alien:+Resurrection,
"Apostle, The ",1997.0,"Apostle,+The",
Deconstructing Harry ,1997.0,Deconstructing+Harry,
Jackie Brown ,1997.0,Jackie+Brown,
Wag the Dog ,1998.0,Wag+the+Dog,
Desperate Measures ,1998.0,Desperate+Measures,
Hard Rain ,1998.0,Hard+Rain,
Fallen ,1998.0,Fallen,
"Prophecy II, The ",1998.0,"Prophecy+II,+The",
Spice World ,1997.0,Spice+World,
Deep Rising ,1998.0,Deep+Rising,
"Wedding Singer, The ",1998.0,"Wedding+Singer,+The",
Sphere ,1998.0,Sphere,
"Client, The ",1994.0,"Client,+The",
One Flew Over the Cuckoo's Nest ,1975.0,One+Flew+Over+the+Cuckoo's+Nest,
Spawn ,1997.0,Spawn,
"Assignment, The ",1997.0,"Assignment,+The",
Wonderland ,1997.0,Wonderland,
Incognito ,1997.0,Incognito,
Blues Brothers 2000 ,1998.0,Blues+Brothers+2000,
Sudden Death ,1995.0,Sudden+Death,
Ace Ventura: When Nature Calls ,1995.0,Ace+Ventura:+When+Nature+Calls,
Powder ,1995.0,Powder,
Dangerous Minds ,1995.0,Dangerous+Minds,
Clueless ,1995.0,Clueless,
Bio-Dome ,1996.0,Bio-Dome,
Black Sheep ,1996.0,Black+Sheep,
Mary Reilly ,1996.0,Mary+Reilly,
"Bridges of Madison County, The ",1996.0,"Bridges+of+Madison+County,+The",
Jeffrey ,1995.0,Jeffrey,
Judge Dredd ,1995.0,Judge+Dredd,
Mighty Morphin Power Rangers: The Movie ,1995.0,Mighty+Morphin+Power+Rangers:+The+Movie,
Showgirls ,1995.0,Showgirls,
Houseguest ,1994.0,Houseguest,
Heavyweights ,1994.0,Heavyweights,
Miracle on 34th Street ,1994.0,Miracle+on+34th+Street,
Tales From the Crypt Presents: Demon Knight ,1995.0,Tales+From+the+Crypt+Presents:+Demon+Knight,
Star Trek: Generations ,1994.0,Star+Trek:+Generations,
Muriel's Wedding ,1994.0,Muriel's+Wedding,
"Adventures of Priscilla, Queen of the Desert, The ",1994.0,"Adventures+of+Priscilla,+Queen+of+the+Desert,+The",
"Flintstones, The ",1994.0,"Flintstones,+The",
Naked Gun 33 1/3: The Final Insult ,1994.0,Naked+Gun+33+1/3:+The+Final+Insult,
True Lies ,1994.0,True+Lies,
Addams Family Values ,1993.0,Addams+Family+Values,
"Age of Innocence, The ",1993.0,"Age+of+Innocence,+The",
Beverly Hills Cop III ,1994.0,Beverly+Hills+Cop+III,
Black Beauty ,1994.0,Black+Beauty,
Fear of a Black Hat ,1993.0,Fear+of+a+Black+Hat,
Last Action Hero ,1993.0,Last+Action+Hero,
"Man Without a Face, The ",1993.0,"Man+Without+a+Face,+The",
Mrs. Doubtfire ,1993.0,Mrs.+Doubtfire,
Radioland Murders ,1994.0,Radioland+Murders,
Robin Hood: Men in Tights ,1993.0,Robin+Hood:+Men+in+Tights,
Serial Mom ,1994.0,Serial+Mom,
Striking Distance ,1993.0,Striking+Distance,
Super Mario Bros. ,1993.0,Super+Mario+Bros.,
"Three Musketeers, The ",1993.0,"Three+Musketeers,+The",
"Little Rascals, The ",1994.0,"Little+Rascals,+The",
"Brady Bunch Movie, The ",1995.0,"Brady+Bunch+Movie,+The",
Ghost ,1990.0,Ghost,
Batman ,1989.0,Batman,
Pinocchio ,1940.0,Pinocchio,
Mission: Impossible ,1996.0,Mission:+Impossible,
Thinner ,1996.0,Thinner,
Spy Hard ,1996.0,Spy+Hard,
"Close Shave, A ",1996.0,"Close+Shave,+A",
Jack ,1996.0,Jack,
Kingpin ,1996.0,Kingpin,
"Nutty Professor, The ",1996.0,"Nutty+Professor,+The",
"Very Brady Sequel, A ",1996.0,"Very+Brady+Sequel,+A",
Tales from the Crypt Presents: Bordello of Blood ,1996.0,Tales+from+the+Crypt+Presents:+Bordello+of+Blood,
My Favorite Year ,1982.0,My+Favorite+Year,
"Apple Dumpling Gang, The ",1975.0,"Apple+Dumpling+Gang,+The",
Old Yeller ,1957.0,Old+Yeller,
"Parent Trap, The ",1961.0,"Parent+Trap,+The",
Cinderella ,1950.0,Cinderella,
Mary Poppins ,1964.0,Mary+Poppins,
Alice in Wonderland ,1951.0,Alice+in+Wonderland,
William Shakespeare's Romeo and Juliet ,1996.0,William+Shakespeare's+Romeo+and+Juliet,
Aladdin and the King of Thieves ,1996.0,Aladdin+and+the+King+of+Thieves,
E.T. the Extra-Terrestrial ,1982.0,E.T.+the+Extra-Terrestrial,
Children of the Corn: The Gathering ,1996.0,Children+of+the+Corn:+The+Gathering,
Bob Roberts ,1992.0,Bob+Roberts,
"Transformers: The Movie, The ",1986.0,"Transformers:+The+Movie,+The",
To Kill a Mockingbird ,1962.0,To+Kill+a+Mockingbird,
Harold and Maude ,1971.0,Harold+and+Maude,
"Day the Earth Stood Still, The ",1951.0,"Day+the+Earth+Stood+Still,+The",
Duck Soup ,1933.0,Duck+Soup,
Highlander ,1986.0,Highlander,
Fantasia ,1940.0,Fantasia,
Heathers ,1989.0,Heathers,
Forbidden Planet ,1956.0,Forbidden+Planet,
Butch Cassidy and the Sundance Kid ,1969.0,Butch+Cassidy+and+the+Sundance+Kid,
"American Werewolf in London, An ",1981.0,"American+Werewolf+in+London,+An",
Amityville 1992: It's About Time ,1992.0,Amityville+1992:+It's+About+Time,
Amityville 3-D ,1983.0,Amityville+3-D,
Amityville: A New Generation ,1993.0,Amityville:+A+New+Generation,
Amityville II: The Possession ,1982.0,Amityville+II:+The+Possession,
"Amityville Horror, The ",1979.0,"Amityville+Horror,+The",
"Amityville Curse, The ",1990.0,"Amityville+Curse,+The",
"Birds, The ",1963.0,"Birds,+The",
"Blob, The ",1958.0,"Blob,+The",
"Body Snatcher, The ",1945.0,"Body+Snatcher,+The",
Burnt Offerings ,1976.0,Burnt+Offerings,
Carrie ,1976.0,Carrie,
"Omen, The ",1976.0,"Omen,+The",
Star Trek: The Motion Picture ,1979.0,Star+Trek:+The+Motion+Picture,
Star Trek V: The Final Frontier ,1989.0,Star+Trek+V:+The+Final+Frontier,
Grease ,1978.0,Grease,
Jaws 2 ,1978.0,Jaws+2,
Jaws 3-D ,1983.0,Jaws+3-D,
Bastard Out of Carolina ,1996.0,Bastard+Out+of+Carolina,
Jackie Chan's First Strike ,1997.0,Jackie+Chan's+First+Strike,
Beverly Hills Ninja ,1997.0,Beverly+Hills+Ninja,
Free Willy 3: The Rescue ,1997.0,Free+Willy+3:+The+Rescue,
Nixon ,1995.0,Nixon,
"Cry, the Beloved Country ",1995.0,"Cry,+the+Beloved+Country",
"Crossing Guard, The ",1995.0,"Crossing+Guard,+The",
Smoke ,1995.0,Smoke,
Like Water For Chocolate (Como agua para chocolate) ,1992.0,Like+Water+For+Chocolate,
"Secret of Roan Inish, The ",1994.0,"Secret+of+Roan+Inish,+The",
Vanya on 42nd Street ,1994.0,Vanya+on+42nd+Street,
"Jungle Book, The ",1994.0,"Jungle+Book,+The",
Red Rock West ,1992.0,Red+Rock+West,
"Bronx Tale, A ",1993.0,"Bronx+Tale,+A",
Rudy ,1993.0,Rudy,
Short Cuts ,1993.0,Short+Cuts,
Tombstone ,1993.0,Tombstone,
Courage Under Fire ,1996.0,Courage+Under+Fire,
Dragonheart ,1996.0,Dragonheart,
James and the Giant Peach ,1996.0,James+and+the+Giant+Peach,
Dr. Strangelove or: How I Learned to Stop Worrying and Love the Bomb ,1963.0,Dr.+Strangelove+or:+How+I+Learned+to+Stop+Worrying+and+Love+the+Bomb,
Trainspotting ,1996.0,Trainspotting,
"First Wives Club, The ",1996.0,"First+Wives+Club,+The",
Matilda ,1996.0,Matilda,
"Philadelphia Story, The ",1940.0,"Philadelphia+Story,+The",
Vertigo ,1958.0,Vertigo,
North by Northwest ,1959.0,North+by+Northwest,
"Apartment, The ",1960.0,"Apartment,+The",
Some Like It Hot ,1959.0,Some+Like+It+Hot,
Casablanca ,1942.0,Casablanca,
"Maltese Falcon, The ",1941.0,"Maltese+Falcon,+The",
My Fair Lady ,1964.0,My+Fair+Lady,
Sabrina ,1954.0,Sabrina,
Roman Holiday ,1953.0,Roman+Holiday,
Sunset Blvd. ,1950.0,Sunset+Blvd.,
Notorious ,1946.0,Notorious,
To Catch a Thief ,1955.0,To+Catch+a+Thief,
"Adventures of Robin Hood, The ",1938.0,"Adventures+of+Robin+Hood,+The",
East of Eden ,1955.0,East+of+Eden,
"Thin Man, The ",1934.0,"Thin+Man,+The",
His Girl Friday ,1940.0,His+Girl+Friday,
Around the World in 80 Days ,1956.0,Around+the+World+in+80+Days,
It's a Wonderful Life ,1946.0,It's+a+Wonderful+Life,
Bringing Up Baby ,1938.0,Bringing+Up+Baby,
"African Queen, The ",1951.0,"African+Queen,+The",
Cat on a Hot Tin Roof ,1958.0,Cat+on+a+Hot+Tin+Roof,
Fly Away Home ,1996.0,Fly+Away+Home,
Dumbo ,1941.0,Dumbo,
Bananas ,1971.0,Bananas,
"Candidate, The ",1972.0,"Candidate,+The",
Bonnie and Clyde ,1967.0,Bonnie+and+Clyde,
Dial M for Murder ,1954.0,Dial+M+for+Murder,
Rebel Without a Cause ,1955.0,Rebel+Without+a+Cause,
"Streetcar Named Desire, A ",1951.0,"Streetcar+Named+Desire,+A",
"People vs. Larry Flynt, The ",1996.0,"People+vs.+Larry+Flynt,+The",
My Left Foot ,1989.0,My+Left+Foot,
"Magnificent Seven, The ",1954.0,"Magnificent+Seven,+The",
Lawrence of Arabia ,1962.0,Lawrence+of+Arabia,
Wings of Desire ,1987.0,Wings+of+Desire,
"Third Man, The ",1949.0,"Third+Man,+The",
Annie Hall ,1977.0,Annie+Hall,
"Boot, Das ",1997.0,"Boot,+Das",
Local Hero ,1983.0,Local+Hero,
Manhattan ,1979.0,Manhattan,
Miller's Crossing ,1990.0,Miller's+Crossing,
"Treasure of the Sierra Madre, The ",1948.0,"Treasure+of+the+Sierra+Madre,+The",
"Great Escape, The ",1963.0,"Great+Escape,+The",
"Deer Hunter, The ",1978.0,"Deer+Hunter,+The",
Down by Law ,1986.0,Down+by+Law,
Cool Hand Luke ,1967.0,Cool+Hand+Luke,
"Great Dictator, The ",1940.0,"Great+Dictator,+The",
"Big Sleep, The ",1946.0,"Big+Sleep,+The",
Ben-Hur ,1959.0,Ben-Hur,
Gandhi ,1982.0,Gandhi,
"Killing Fields, The ",1984.0,"Killing+Fields,+The",
My Life as a Dog (Mitt liv som hund) ,1985.0,My+Life+as+a+Dog,
"Man Who Would Be King, The ",1975.0,"Man+Who+Would+Be+King,+The",
Shine ,1996.0,Shine,
Kama Sutra: A Tale of Love ,1997.0,Kama+Sutra:+A+Tale+of+Love,
"Daytrippers, The ",1997.0,"Daytrippers,+The",
Traveller ,1997.0,Traveller,
Addicted to Love ,1997.0,Addicted+to+Love,
Ponette ,1997.0,Ponette,
My Own Private Idaho ,1991.0,My+Own+Private+Idaho,
Anastasia ,1997.0,Anastasia,
Mouse Hunt ,1997.0,Mouse+Hunt,
Money Train ,1995.0,Money+Train,
Mortal Kombat ,1995.0,Mortal+Kombat,
Pocahontas ,1995.0,Pocahontas,
"Misérables, Les ",1995.0,"Misérables,+Les",-1.0
Things to Do in Denver when You're Dead ,1996.0,Things+to+Do+in+Denver+when+You're+Dead,
Vampire in Brooklyn ,1995.0,Vampire+in+Brooklyn,
Broken Arrow ,1996.0,Broken+Arrow,
"Young Poisoner's Handbook, The ",1996.0,"Young+Poisoner's+Handbook,+The",
"NeverEnding Story III, The ",1996.0,"NeverEnding+Story+III,+The",
Rob Roy ,1995.0,Rob+Roy,
Die Hard: With a Vengeance ,1995.0,Die+Hard:+With+a+Vengeance,
Lord of Illusions ,1995.0,Lord+of+Illusions,
Species ,1995.0,Species,
"Walk in the Clouds, A ",1995.0,"Walk+in+the+Clouds,+A",
Waterworld ,1995.0,Waterworld,
White Man's Burden ,1995.0,White+Man's+Burden,
Wild Bill ,1995.0,Wild+Bill,
Farinelli: il castrato ,1994.0,Farinelli:+il+castrato,
Heavenly Creatures ,1994.0,Heavenly+Creatures,
Interview with the Vampire ,1994.0,Interview+with+the+Vampire,
"Kid in King Arthur's Court, A ",1995.0,"Kid+in+King+Arthur's+Court,+A",
Mary Shelley's Frankenstein ,1994.0,Mary+Shelley's+Frankenstein,
"Quick and the Dead, The ",1995.0,"Quick+and+the+Dead,+The",
Stephen King's The Langoliers ,1995.0,Stephen+King's+The+Langoliers,-1.0
Tales from the Hood ,1995.0,Tales+from+the+Hood,
Village of the Damned ,1995.0,Village+of+the+Damned,
Clear and Present Danger ,1994.0,Clear+and+Present+Danger,
Wes Craven's New Nightmare ,1994.0,Wes+Craven's+New+Nightmare,
Speed ,1994.0,Speed,
Wolf ,1994.0,Wolf,
Wyatt Earp ,1994.0,Wyatt+Earp,
Another Stakeout ,1993.0,Another+Stakeout,
Blown Away ,1994.0,Blown+Away,
Body Snatchers ,1993.0,Body+Snatchers,
Boxing Helena ,1993.0,Boxing+Helena,
City Slickers II: The Legend of Curly's Gold ,1994.0,City+Slickers+II:+The+Legend+of+Curly's+Gold,
Cliffhanger ,1993.0,Cliffhanger,
Coneheads ,1993.0,Coneheads,
Demolition Man ,1993.0,Demolition+Man,
Fatal Instinct ,1993.0,Fatal+Instinct,
"Englishman Who Went Up a Hill, But Came Down a Mountain, The ",1995.0,"Englishman+Who+Went+Up+a+Hill,+But+Came+Down+a+Mountain,+The",
Kalifornia ,1993.0,Kalifornia,
"Piano, The ",1993.0,"Piano,+The",
Romeo Is Bleeding ,1993.0,Romeo+Is+Bleeding,
"Secret Garden, The ",1993.0,"Secret+Garden,+The",
Son in Law ,1993.0,Son+in+Law,
Terminal Velocity ,1994.0,Terminal+Velocity,
"Hour of the Pig, The ",1993.0,"Hour+of+the+Pig,+The",
Beauty and the Beast ,1991.0,Beauty+and+the+Beast,
"Wild Bunch, The ",1969.0,"Wild+Bunch,+The",
Hellraiser: Bloodline ,1996.0,Hellraiser:+Bloodline,
Primal Fear ,1996.0,Primal+Fear,
True Crime ,1995.0,True+Crime,
Stalingrad ,1993.0,Stalingrad,
Heavy ,1996.0,Heavy,
"Fan, The ",1996.0,"Fan,+The",
"Hunchback of Notre Dame, The ",1996.0,"Hunchback+of+Notre+Dame,+The",
Eraser ,1996.0,Eraser,
"Big Squeeze, The ",1996.0,"Big+Squeeze,+The",
Police Story 4: Project S (Chao ji ji hua) ,1996.0,Police+Story+4:+Project+S,-1.0
Daniel Defoe's Robinson Crusoe ,1996.0,Daniel+Defoe's+Robinson+Crusoe,-1.0
For Whom the Bell Tolls ,1943.0,For+Whom+the+Bell+Tolls,
"American in Paris, An ",1951.0,"American+in+Paris,+An",
Rear Window ,1954.0,Rear+Window,
It Happened One Night ,1934.0,It+Happened+One+Night,
Meet Me in St. Louis ,1944.0,Meet+Me+in+St.+Louis,
All About Eve ,1950.0,All+About+Eve,
Rebecca ,1940.0,Rebecca,
Spellbound ,1945.0,Spellbound,
Father of the Bride ,1950.0,Father+of+the+Bride,
Gigi ,1958.0,Gigi,
Laura ,1944.0,Laura,
Lost Horizon ,1937.0,Lost+Horizon,
My Man Godfrey ,1936.0,My+Man+Godfrey,
Giant ,1956.0,Giant,
"39 Steps, The ",1935.0,"39+Steps,+The",
Night of the Living Dead ,1968.0,Night+of+the+Living+Dead,
"Blue Angel, The (Blaue Engel, Der) ",1930.0,"Blue+Angel,+The",
Picnic ,1955.0,Picnic,
Extreme Measures ,1996.0,Extreme+Measures,
"Chamber, The ",1996.0,"Chamber,+The",
"Davy Crockett, King of the Wild Frontier ",1955.0,"Davy+Crockett,+King+of+the+Wild+Frontier",
Swiss Family Robinson ,1960.0,Swiss+Family+Robinson,
Angels in the Outfield ,1994.0,Angels+in+the+Outfield,
"Three Caballeros, The ",1945.0,"Three+Caballeros,+The",
"Sword in the Stone, The ",1963.0,"Sword+in+the+Stone,+The",
So Dear to My Heart ,1949.0,So+Dear+to+My+Heart,
Robin Hood: Prince of Thieves ,1991.0,Robin+Hood:+Prince+of+Thieves,
Sleepers ,1996.0,Sleepers,
Victor/Victoria ,1982.0,Victor/Victoria,
"Great Race, The ",1965.0,"Great+Race,+The",
"Crying Game, The ",1992.0,"Crying+Game,+The",
Sophie's Choice ,1982.0,Sophie's+Choice,
"Christmas Carol, A ",1938.0,"Christmas+Carol,+A",
Microcosmos: Le peuple de l'herbe ,1996.0,Microcosmos:+Le+peuple+de+l'herbe,
"Fog, The ",1980.0,"Fog,+The",
Escape from New York ,1981.0,Escape+from+New+York,
"Howling, The ",1981.0,"Howling,+The",
"Return of Martin Guerre, The (Retour de Martin Guerre, Le) ",1982.0,"Return+of+Martin+Guerre,+The",
"Tin Drum, The (Blechtrommel, Die) ",1979.0,"Tin+Drum,+The",
"Cook the Thief His Wife & Her Lover, The ",1989.0,"Cook+the+Thief+His+Wife+&+Her+Lover,+The",
Paths of Glory ,1957.0,Paths+of+Glory,
"Grifters, The ",1990.0,"Grifters,+The",
The Innocent ,1994.0,The+Innocent,
"Thin Blue Line, The ",1988.0,"Thin+Blue+Line,+The",
Paris Is Burning ,1990.0,Paris+Is+Burning,
Once Upon a Time in the West ,1969.0,Once+Upon+a+Time+in+the+West,
Ran ,1985.0,Ran,
"Quiet Man, The ",1952.0,"Quiet+Man,+The",
Once Upon a Time in America ,1984.0,Once+Upon+a+Time+in+America,
"Seventh Seal, The (Sjunde inseglet, Det) ",1957.0,"Seventh+Seal,+The",
Glory ,1989.0,Glory,
Rosencrantz and Guildenstern Are Dead ,1990.0,Rosencrantz+and+Guildenstern+Are+Dead,
Touch of Evil ,1958.0,Touch+of+Evil,
Chinatown ,1974.0,Chinatown,
Stand by Me ,1986.0,Stand+by+Me,
M ,1931.0,M,
"Manchurian Candidate, The ",1962.0,"Manchurian+Candidate,+The",
Pump Up the Volume ,1990.0,Pump+Up+the+Volume,
Arsenic and Old Lace ,1944.0,Arsenic+and+Old+Lace,
Fried Green Tomatoes ,1991.0,Fried+Green+Tomatoes,
High Noon ,1952.0,High+Noon,
Somewhere in Time ,1980.0,Somewhere+in+Time,
Being There ,1979.0,Being+There,
"Paris, Texas ",1984.0,"Paris,+Texas",
Alien 3 ,1992.0,Alien+3,
Blood For Dracula (Andy Warhol's Dracula) ,1974.0,Blood+For+Dracula,
Audrey Rose ,1977.0,Audrey+Rose,
Blood Beach ,1981.0,Blood+Beach,
Body Parts ,1991.0,Body+Parts,
Body Snatchers ,1993.0,Body+Snatchers,
Bride of Frankenstein ,1935.0,Bride+of+Frankenstein,
Candyman ,1992.0,Candyman,
Cape Fear ,1962.0,Cape+Fear,
Cat People ,1982.0,Cat+People,
"Nosferatu (Nosferatu, eine Symphonie des Grauens) ",1922.0,Nosferatu,
"Crucible, The ",1996.0,"Crucible,+The",
Fire on the Mountain ,1997.0,Fire+on+the+Mountain,
Volcano ,1997.0,Volcano,
Conan the Barbarian ,1981.0,Conan+the+Barbarian,
Kull the Conqueror ,1997.0,Kull+the+Conqueror,
Wishmaster ,1997.0,Wishmaster,
I Know What You Did Last Summer ,1997.0,I+Know+What+You+Did+Last+Summer,
Rocket Man ,1997.0,Rocket+Man,
In the Line of Fire ,1993.0,In+the+Line+of+Fire,
Executive Decision ,1996.0,Executive+Decision,
"Perfect World, A ",1993.0,"Perfect+World,+A",
McHale's Navy ,1997.0,McHale's+Navy,
Leave It to Beaver ,1997.0,Leave+It+to+Beaver,
"Jackal, The ",1997.0,"Jackal,+The",
Seven Years in Tibet ,1997.0,Seven+Years+in+Tibet,
Dark City ,1998.0,Dark+City,
"American President, The ",1995.0,"American+President,+The",
Casino ,1995.0,Casino,
Persuasion ,1995.0,Persuasion,
Kicking and Screaming ,1995.0,Kicking+and+Screaming,
City Hall ,1996.0,City+Hall,
"Basketball Diaries, The ",1995.0,"Basketball+Diaries,+The",
"Browning Version, The ",1994.0,"Browning+Version,+The",
Little Women ,1994.0,Little+Women,
Miami Rhapsody ,1995.0,Miami+Rhapsody,
"Wonderful, Horrible Life of Leni Riefenstahl, The ",1993.0,"Wonderful,+Horrible+Life+of+Leni+Riefenstahl,+The",
Barcelona ,1994.0,Barcelona,
Widows' Peak ,1994.0,Widows'+Peak,
"House of the Spirits, The ",1993.0,"House+of+the+Spirits,+The",
Singin' in the Rain ,1952.0,Singin'+in+the+Rain,
Bad Moon ,1996.0,Bad+Moon,
Enchanted April ,1991.0,Enchanted+April,
"Sex, Lies, and Videotape ",1989.0,"Sex,+Lies,+and+Videotape",
Strictly Ballroom ,1992.0,Strictly+Ballroom,
Better Off Dead... ,1985.0,Better+Off+Dead...,
"Substance of Fire, The ",1996.0,"Substance+of+Fire,+The",
Tin Men ,1987.0,Tin+Men,
Othello ,1995.0,Othello,
Carrington ,1995.0,Carrington,
To Die For ,1995.0,To+Die+For,
Home for the Holidays ,1995.0,Home+for+the+Holidays,
"Juror, The ",1996.0,"Juror,+The",
In the Bleak Midwinter ,1996.0,In+the+Bleak+Midwinter,
Canadian Bacon ,1994.0,Canadian+Bacon,
First Knight ,1995.0,First+Knight,
Mallrats ,1995.0,Mallrats,
Nine Months ,1995.0,Nine+Months,
Boys on the Side ,1995.0,Boys+on+the+Side,
Circle of Friends ,1995.0,Circle+of+Friends,
Exit to Eden ,1994.0,Exit+to+Eden,
Fluke ,1995.0,Fluke,
Immortal Beloved ,1994.0,Immortal+Beloved,
Junior ,1994.0,Junior,
Nell ,1994.0,Nell,
"Queen Margot (Reine Margot, La) ",1996.0,Queen+Margot,
"Corrina, Corrina ",1994.0,"Corrina,+Corrina",
Dave ,1993.0,Dave,
Go Fish ,1994.0,Go+Fish,
Made in America ,1993.0,Made+in+America,
Philadelphia ,1993.0,Philadelphia,
Shadowlands ,1993.0,Shadowlands,
Sirens ,1994.0,Sirens,
Threesome ,1994.0,Threesome,
Pretty Woman ,1990.0,Pretty+Woman,
Jane Eyre ,1996.0,Jane+Eyre,
"Last Supper, The ",1996.0,"Last+Supper,+The",
Ransom ,1996.0,Ransom,
"Crow: City of Angels, The ",1996.0,"Crow:+City+of+Angels,+The",
Michael Collins ,1996.0,Michael+Collins,
"Ruling Class, The ",1972.0,"Ruling+Class,+The",
Real Genius ,1985.0,Real+Genius,
Benny & Joon ,1993.0,Benny+&+Joon,
"Saint, The ",1997.0,"Saint,+The",
"MatchMaker, The ",1997.0,"MatchMaker,+The",
Amistad ,1997.0,Amistad,
Tomorrow Never Dies ,1997.0,Tomorrow+Never+Dies,
"Replacement Killers, The ",1998.0,"Replacement+Killers,+The",
Burnt By the Sun ,1994.0,Burnt+By+the+Sun,
Red Corner ,1997.0,Red+Corner,
Jumanji ,1995.0,Jumanji,
Father of the Bride Part II ,1995.0,Father+of+the+Bride+Part+II,
Across the Sea of Time ,1995.0,Across+the+Sea+of+Time,
Lawnmower Man 2: Beyond Cyberspace ,1996.0,Lawnmower+Man+2:+Beyond+Cyberspace,
Fair Game ,1995.0,Fair+Game,
Screamers ,1995.0,Screamers,
Nick of Time ,1995.0,Nick+of+Time,
Beautiful Girls ,1996.0,Beautiful+Girls,
Happy Gilmore ,1996.0,Happy+Gilmore,
If Lucy Fell ,1996.0,If+Lucy+Fell,
Boomerang ,1992.0,Boomerang,
Man of the Year ,1996.0,Man+of+the+Year,
"Addiction, The ",1995.0,"Addiction,+The",
Casper ,1995.0,Casper,
Congo ,1995.0,Congo,
Devil in a Blue Dress ,1995.0,Devil+in+a+Blue+Dress,
Johnny Mnemonic ,1995.0,Johnny+Mnemonic,
Kids ,1995.0,Kids,
Mute Witness ,1994.0,Mute+Witness,
"Prophecy, The ",1995.0,"Prophecy,+The",
Something to Talk About ,1995.0,Something+to+Talk+About,
Three Wishes ,1995.0,Three+Wishes,
Castle Freak ,1995.0,Castle+Freak,
Don Juan DeMarco ,1995.0,Don+Juan+DeMarco,
Drop Zone ,1994.0,Drop+Zone,
Dumb & Dumber ,1994.0,Dumb+&+Dumber,
French Kiss ,1995.0,French+Kiss,
Little Odessa ,1994.0,Little+Odessa,
Milk Money ,1994.0,Milk+Money,
Beyond Bedlam ,1993.0,Beyond+Bedlam,
Only You ,1994.0,Only+You,
"Perez Family, The ",1995.0,"Perez+Family,+The",
Roommates ,1995.0,Roommates,
Relative Fear ,1994.0,Relative+Fear,
Swimming with Sharks ,1995.0,Swimming+with+Sharks,
Tommy Boy ,1995.0,Tommy+Boy,
"Baby-Sitters Club, The ",1995.0,"Baby-Sitters+Club,+The",
Bullets Over Broadway ,1994.0,Bullets+Over+Broadway,
Crooklyn ,1994.0,Crooklyn,
It Could Happen to You ,1994.0,It+Could+Happen+to+You,
Richie Rich ,1994.0,Richie+Rich,
Speechless ,1994.0,Speechless,
Timecop ,1994.0,Timecop,
Bad Company ,1995.0,Bad+Company,
Boys Life ,1995.0,Boys+Life,
In the Mouth of Madness ,1995.0,In+the+Mouth+of+Madness,
"Air Up There, The ",1994.0,"Air+Up+There,+The",
Hard Target ,1993.0,Hard+Target,
Heaven & Earth ,1993.0,Heaven+&+Earth,
Jimmy Hollywood ,1994.0,Jimmy+Hollywood,
Manhattan Murder Mystery ,1993.0,Manhattan+Murder+Mystery,
Menace II Society ,1993.0,Menace+II+Society,
Poetic Justice ,1993.0,Poetic+Justice,
"Program, The ",1993.0,"Program,+The",
Rising Sun ,1993.0,Rising+Sun,
"Shadow, The ",1994.0,"Shadow,+The",
Thirty-Two Short Films About Glenn Gould ,1993.0,Thirty-Two+Short+Films+About+Glenn+Gould,
Andre ,1994.0,Andre,
"Celluloid Closet, The ",1996.0,"Celluloid+Closet,+The",
"Great Day in Harlem, A ",1994.0,"Great+Day+in+Harlem,+A",
One Fine Day ,1996.0,One+Fine+Day,
Candyman: Farewell to the Flesh ,1995.0,Candyman:+Farewell+to+the+Flesh,
Frisk ,1996.0,Frisk,
Girl 6 ,1996.0,Girl+6,
Eddie ,1996.0,Eddie,
Space Jam ,1996.0,Space+Jam,
Mrs. Winterbourne ,1996.0,Mrs.+Winterbourne,
Faces ,1968.0,Faces,
Mulholland Falls ,1996.0,Mulholland+Falls,
"Great White Hype, The ",1996.0,"Great+White+Hype,+The",
"Arrival, The ",1996.0,"Arrival,+The",
"Phantom, The ",1996.0,"Phantom,+The",
Daylight ,1996.0,Daylight,
Alaska ,1996.0,Alaska,
Fled ,1996.0,Fled,
Power 98 ,1996.0,Power+98,
Escape from L.A. ,1996.0,Escape+from+L.A.,
Bogus ,1996.0,Bogus,
Bulletproof ,1996.0,Bulletproof,
Halloween: The Curse of Michael Myers ,1995.0,Halloween:+The+Curse+of+Michael+Myers,
"Gay Divorcee, The ",1934.0,"Gay+Divorcee,+The",
Ninotchka ,1939.0,Ninotchka,
Meet John Doe ,1941.0,Meet+John+Doe,
In the Line of Duty 2 ,1996.0,In+the+Line+of+Duty+2,
Loch Ness ,1995.0,Loch+Ness,
Last Man Standing ,1996.0,Last+Man+Standing,
"Glimmer Man, The ",1996.0,"Glimmer+Man,+The",
Pollyanna ,1960.0,Pollyanna,
"Shaggy Dog, The ",1959.0,"Shaggy+Dog,+The",
Freeway ,1996.0,Freeway,
That Thing You Do! ,1996.0,That+Thing+You+Do!,
To Gillian on Her 37th Birthday ,1996.0,To+Gillian+on+Her+37th+Birthday,
Looking for Richard ,1996.0,Looking+for+Richard,
"Murder, My Sweet ",1944.0,"Murder,+My+Sweet",
Days of Thunder ,1990.0,Days+of+Thunder,
"Perfect Candidate, A ",1996.0,"Perfect+Candidate,+A",
Two or Three Things I Know About Her ,1966.0,Two+or+Three+Things+I+Know+About+Her,
"Bloody Child, The ",1996.0,"Bloody+Child,+The",
Braindead ,1992.0,Braindead,
Bad Taste ,1987.0,Bad+Taste,
Diva ,1981.0,Diva,
Night on Earth ,1991.0,Night+on+Earth,
Paris Was a Woman ,1996.0,Paris+Was+a+Woman,
Amityville: Dollhouse ,1996.0,Amityville:+Dollhouse,
April Fool's Day ,1986.0,April+Fool's+Day,
"Believers, The ",1987.0,"Believers,+The",
Nosferatu a Venezia ,1986.0,Nosferatu+a+Venezia,
Jingle All the Way ,1996.0,Jingle+All+the+Way,
"Garden of Finzi-Contini, The (Giardino dei Finzi-Contini, Il) ",1996.0,"Garden+of+Finzi-Contini,+The",
My Fellow Americans ,1996.0,My+Fellow+Americans,
"Ice Storm, The ",1997.0,"Ice+Storm,+The",
Michael ,1996.0,Michael,
"Whole Wide World, The ",1996.0,"Whole+Wide+World,+The",
Hearts and Minds ,1997.0,Hearts+and+Minds,
Fools Rush In ,1997.0,Fools+Rush+In,
Touch ,1997.0,Touch,
Vegas Vacation ,1997.0,Vegas+Vacation,
Love Jones ,1997.0,Love+Jones,
Picture Perfect ,1997.0,Picture+Perfect,
Career Girls ,1997.0,Career+Girls,
She's So Lovely ,1997.0,She's+So+Lovely,
Money Talks ,1997.0,Money+Talks,
Excess Baggage ,1997.0,Excess+Baggage,
That Darn Cat! ,1997.0,That+Darn+Cat!,
"Peacemaker, The ",1997.0,"Peacemaker,+The",
Soul Food ,1997.0,Soul+Food,
Money Talks ,1997.0,Money+Talks,
Washington Square ,1997.0,Washington+Square,
Telling Lies in America ,1997.0,Telling+Lies+in+America,
Year of the Horse ,1997.0,Year+of+the+Horse,
Phantoms ,1998.0,Phantoms,
"Life Less Ordinary, A ",1997.0,"Life+Less+Ordinary,+A",
Eve's Bayou ,1997.0,Eve's+Bayou,
One Night Stand ,1997.0,One+Night+Stand,
"Tango Lesson, The ",1997.0,"Tango+Lesson,+The",
Mortal Kombat: Annihilation ,1997.0,Mortal+Kombat:+Annihilation,
Bent ,1997.0,Bent,
Flubber ,1997.0,Flubber,
For Richer or Poorer ,1997.0,For+Richer+or+Poorer,
Home Alone 3 ,1997.0,Home+Alone+3,
Scream 2 ,1997.0,Scream+2,
"Sweet Hereafter, The ",1997.0,"Sweet+Hereafter,+The",
Time Tracers ,1995.0,Time+Tracers,
"Postman, The ",1997.0,"Postman,+The",
"Winter Guest, The ",1997.0,"Winter+Guest,+The",
Kundun ,1997.0,Kundun,
Mr. Magoo ,1997.0,Mr.+Magoo,
"Big Lebowski, The ",1997.0,"Big+Lebowski,+The",
Afterglow ,1997.0,Afterglow,
Ma vie en rose (My Life in Pink) ,1997.0,Ma+vie+en+rose,
Great Expectations ,1998.0,Great+Expectations,
Oscar & Lucinda ,1997.0,Oscar+&+Lucinda,
Vermin ,1997.0,Vermin,
Half Baked ,1998.0,Half+Baked,
Dangerous Beauty ,1998.0,Dangerous+Beauty,
Nil By Mouth ,1998.0,Nil+By+Mouth,
Twilight ,1998.0,Twilight,
U.S. Marshalls ,1998.0,U.S.+Marshalls,-1.0
Love and Death on Long Island ,1998.0,Love+and+Death+on+Long+Island,
Wild Things ,1998.0,Wild+Things,
Primary Colors ,1998.0,Primary+Colors,
Lost in Space ,1998.0,Lost+in+Space,
Mercury Rising ,1998.0,Mercury+Rising,
City of Angels ,1998.0,City+of+Angels,
"City of Lost Children, The ",1995.0,"City+of+Lost+Children,+The",
Two Bits ,1995.0,Two+Bits,
Farewell My Concubine ,1993.0,Farewell+My+Concubine,
Dead Man ,1996.0,Dead+Man,
Raise the Red Lantern ,1991.0,Raise+the+Red+Lantern,
White Squall ,1996.0,White+Squall,
Unforgettable ,1996.0,Unforgettable,
Down Periscope ,1996.0,Down+Periscope,
"Flower of My Secret, The (Flor de mi secreto, La) ",1996.0,"Flower+of+My+Secret,+The",
"Craft, The ",1996.0,"Craft,+The",
Harriet the Spy ,1996.0,Harriet+the+Spy,
Chain Reaction ,1996.0,Chain+Reaction,
"Island of Dr. Moreau, The ",1996.0,"Island+of+Dr.+Moreau,+The",
First Kid ,1996.0,First+Kid,
"Funeral, The ",1996.0,"Funeral,+The",
"Preacher's Wife, The ",1996.0,"Preacher's+Wife,+The",
Paradise Road ,1997.0,Paradise+Road,
Brassed Off ,1997.0,Brassed+Off,
"Thousand Acres, A ",1997.0,"Thousand+Acres,+A",
"Smile Like Yours, A ",1997.0,"Smile+Like+Yours,+A",
Murder in the First ,1995.0,Murder+in+the+First,
Airheads ,1994.0,Airheads,
With Honors ,1994.0,With+Honors,
What's Love Got to Do with It ,1993.0,What's+Love+Got+to+Do+with+It,
Killing Zoe ,1994.0,Killing+Zoe,
Renaissance Man ,1994.0,Renaissance+Man,
Charade ,1963.0,Charade,
"Fox and the Hound, The ",1981.0,"Fox+and+the+Hound,+The",
"Big Blue, The (Grand bleu, Le) ",1988.0,"Big+Blue,+The",
Booty Call ,1997.0,Booty+Call,
How to Make an American Quilt ,1995.0,How+to+Make+an+American+Quilt,
Georgia ,1995.0,Georgia,
"Indian in the Cupboard, The ",1995.0,"Indian+in+the+Cupboard,+The",
Blue in the Face ,1995.0,Blue+in+the+Face,
Unstrung Heroes ,1995.0,Unstrung+Heroes,
Unzipped ,1995.0,Unzipped,
Before Sunrise ,1995.0,Before+Sunrise,
Nobody's Fool ,1994.0,Nobody's+Fool,
Pushing Hands ,1992.0,Pushing+Hands,
To Live (Huozhe) ,1994.0,To+Live,
Dazed and Confused ,1993.0,Dazed+and+Confused,
Naked ,1993.0,Naked,
Orlando ,1993.0,Orlando,
Ruby in Paradise ,1993.0,Ruby+in+Paradise,
Some Folks Call It a Sling Blade ,1993.0,Some+Folks+Call+It+a+Sling+Blade,
"Month by the Lake, A ",1995.0,"Month+by+the+Lake,+A",
Funny Face ,1957.0,Funny+Face,
"Affair to Remember, An ",1957.0,"Affair+to+Remember,+An",
Little Lord Fauntleroy ,1936.0,Little+Lord+Fauntleroy,
"Inspector General, The ",1949.0,"Inspector+General,+The",
Winnie the Pooh and the Blustery Day ,1968.0,Winnie+the+Pooh+and+the+Blustery+Day,
Hear My Song ,1991.0,Hear+My+Song,
Mediterraneo ,1991.0,Mediterraneo,
Passion Fish ,1992.0,Passion+Fish,
Grateful Dead ,1996.0,Grateful+Dead,
Eye for an Eye ,1996.0,Eye+for+an+Eye,
Fear ,1996.0,Fear,
Solo ,1996.0,Solo,
"Substitute, The ",1996.0,"Substitute,+The",
Heaven's Prisoners ,1996.0,Heaven's+Prisoners,
"Trigger Effect, The ",1996.0,"Trigger+Effect,+The",
Mother Night ,1996.0,Mother+Night,
Dangerous Ground ,1996.0,Dangerous+Ground,
Maximum Risk ,1996.0,Maximum+Risk,
"Rich Man's Wife, The ",1996.0,"Rich+Man's+Wife,+The",
Shadow Conspiracy ,1997.0,Shadow+Conspiracy,
Blood & Wine ,1996.0,Blood+&+Wine,
Turbulence ,1997.0,Turbulence,
Underworld ,1997.0,Underworld,
"Beautician and the Beast, The ",1997.0,"Beautician+and+the+Beast,+The",
Cats Don't Dance ,1997.0,Cats+Don't+Dance,
Anna Karenina ,1997.0,Anna+Karenina,
Keys to Tulsa ,1997.0,Keys+to+Tulsa,
Head Above Water ,1997.0,Head+Above+Water,
Hercules ,1997.0,Hercules,
"Last Time I Committed Suicide, The ",1997.0,"Last+Time+I+Committed+Suicide,+The",
"Kiss Me, Guido ",1997.0,"Kiss+Me,+Guido",
"Big Green, The ",1995.0,"Big+Green,+The",
Stuart Saves His Family ,1995.0,Stuart+Saves+His+Family,
Cabin Boy ,1994.0,Cabin+Boy,
Clean Slate ,1994.0,Clean+Slate,
Lightning Jack ,1994.0,Lightning+Jack,
"Stupids, The ",1996.0,"Stupids,+The",
"Pest, The ",1997.0,"Pest,+The",
That Darn Cat! ,1997.0,That+Darn+Cat!,
Geronimo: An American Legend ,1993.0,Geronimo:+An+American+Legend,
"Double vie de Véronique, La (Double Life of Veronique, The) ",1991.0,"Double+vie+de+Véronique,+La",-1.0
Until the End of the World (Bis ans Ende der Welt) ,1991.0,Until+the+End+of+the+World,
Waiting for Guffman ,1997.0,Waiting+for+Guffman,
I Shot Andy Warhol ,1996.0,I+Shot+Andy+Warhol,
Stealing Beauty ,1996.0,Stealing+Beauty,
Basquiat ,1996.0,Basquiat,
2 Days in the Valley ,1996.0,2+Days+in+the+Valley,
Private Parts ,1997.0,Private+Parts,
Anaconda ,1997.0,Anaconda,
Romy and Michele's High School Reunion ,1997.0,Romy+and+Michele's+High+School+Reunion,
Shiloh ,1997.0,Shiloh,
Con Air ,1997.0,Con+Air,
Trees Lounge ,1996.0,Trees+Lounge,
Tie Me Up! Tie Me Down! ,1990.0,Tie+Me+Up!+Tie+Me+Down!,
"Die xue shuang xiong (Killer, The) ",1989.0,Die+xue+shuang+xiong,
Gaslight ,1944.0,Gaslight,
8 1/2 ,1963.0,8+1/2,
"Fast, Cheap & Out of Control ",1997.0,"Fast,+Cheap+&+Out+of+Control",
Fathers' Day ,1997.0,Fathers'+Day,
Mrs. Dalloway ,1997.0,Mrs.+Dalloway,
Fire Down Below ,1997.0,Fire+Down+Below,
"Lay of the Land, The ",1997.0,"Lay+of+the+Land,+The",
"Shooter, The ",1995.0,"Shooter,+The",
Grumpier Old Men ,1995.0,Grumpier+Old+Men,
Jury Duty ,1995.0,Jury+Duty,
"Beverly Hillbillies, The ",1993.0,"Beverly+Hillbillies,+The",
Lassie ,1994.0,Lassie,
Little Big League ,1994.0,Little+Big+League,
Homeward Bound II: Lost in San Francisco ,1996.0,Homeward+Bound+II:+Lost+in+San+Francisco,
"Quest, The ",1996.0,"Quest,+The",
Cool Runnings ,1993.0,Cool+Runnings,
Drop Dead Fred ,1991.0,Drop+Dead+Fred,
Grease 2 ,1982.0,Grease+2,
Switchback ,1997.0,Switchback,
Hamlet ,1997.0,Hamlet,
Two if by Sea ,1996.0,Two+if+by+Sea,
Forget Paris ,1995.0,Forget+Paris,
Just Cause ,1995.0,Just+Cause,
Rent-a-Kid ,1995.0,Rent-a-Kid,
"Paper, The ",1994.0,"Paper,+The",
Fearless ,1993.0,Fearless,
Malice ,1993.0,Malice,
Multiplicity ,1996.0,Multiplicity,
She's the One ,1996.0,She's+the+One,
House Arrest ,1996.0,House+Arrest,
"Ghost and Mrs. Muir, The ",1947.0,"Ghost+and+Mrs.+Muir,+The",
"Associate, The ",1996.0,"Associate,+The",
Dracula: Dead and Loving It ,1995.0,Dracula:+Dead+and+Loving+It,
Now and Then ,1995.0,Now+and+Then,
Mr. Wrong ,1996.0,Mr.+Wrong,
"Simple Twist of Fate, A ",1994.0,"Simple+Twist+of+Fate,+A",
Cronos ,1992.0,Cronos,
"Pallbearer, The ",1996.0,"Pallbearer,+The",
"War, The ",1994.0,"War,+The",
Don't Be a Menace to South Central While Drinking Your Juice in the Hood ,1996.0,Don't+Be+a+Menace+to+South+Central+While+Drinking+Your+Juice+in+the+Hood,
"Adventures of Pinocchio, The ",1996.0,"Adventures+of+Pinocchio,+The",
"Evening Star, The ",1996.0,"Evening+Star,+The",
Four Days in September ,1998.0,Four+Days+in+September,
"Little Princess, A ",1995.0,"Little+Princess,+A",
Crossfire ,1947.0,Crossfire,
Koyaanisqatsi ,1983.0,Koyaanisqatsi,
Balto ,1995.0,Balto,
Bottle Rocket ,1996.0,Bottle+Rocket,
"Star Maker, The (Uomo delle stelle, L') ",1996.0,"Star+Maker,+The",
Amateur ,1994.0,Amateur,
Living in Oblivion ,1995.0,Living+in+Oblivion,
Party Girl ,1995.0,Party+Girl,
"Pyromaniac's Love Story, A ",1995.0,"Pyromaniac's+Love+Story,+A",
Shallow Grave ,1994.0,Shallow+Grave,
Reality Bites ,1994.0,Reality+Bites,
"Man of No Importance, A ",1994.0,"Man+of+No+Importance,+A",
"Pagemaster, The ",1994.0,"Pagemaster,+The",
Love and a .45 ,1994.0,Love+and+a+.45,
Oliver & Company ,1988.0,Oliver+&+Company,
Joe's Apartment ,1996.0,Joe's+Apartment,
Celestial Clockwork ,1996.0,Celestial+Clockwork,
Curdled ,1996.0,Curdled,
Female Perversions ,1997.0,Female+Perversions,
Albino Alligator ,1997.0,Albino+Alligator,
Anne Frank Remembered ,1996.0,Anne+Frank+Remembered,
Carried Away ,1996.0,Carried+Away,
It's My Party ,1996.0,It's+My+Party,
Bloodsport 2 ,1996.0,Bloodsport+2,
Double Team ,1997.0,Double+Team,
Speed 2: Cruise Control ,1997.0,Speed+2:+Cruise+Control,
Sliver ,1993.0,Sliver,
Pete's Dragon ,1977.0,Pete's+Dragon,
Dear God ,1996.0,Dear+God,
Live Nude Girls ,1996.0,Live+Nude+Girls,
"Thin Line Between Love and Hate, A ",1996.0,"Thin+Line+Between+Love+and+Hate,+A",
High School High ,1996.0,High+School+High,
Commandments ,1997.0,Commandments,
"Hate (Haine, La) ",1996.0,Hate,
Flirting With Disaster ,1996.0,Flirting+With+Disaster,
"Red Firecracker, Green Firecracker ",1994.0,"Red+Firecracker,+Green+Firecracker",
What Happened Was... ,1994.0,What+Happened+Was...,
Six Degrees of Separation ,1993.0,Six+Degrees+of+Separation,
Two Much ,1996.0,Two+Much,
Trust ,1990.0,Trust,
C'est arrivé près de chez vous ,1992.0,C'est+arrivé+près+de+chez+vous,-1.0
Firestorm ,1998.0,Firestorm,
"Newton Boys, The ",1998.0,"Newton+Boys,+The",
Beyond Rangoon ,1995.0,Beyond+Rangoon,
Feast of July ,1995.0,Feast+of+July,
Death and the Maiden ,1994.0,Death+and+the+Maiden,
Tank Girl ,1995.0,Tank+Girl,
Double Happiness ,1996.0,Double+Happiness,
Cobb ,1994.0,Cobb,
Mrs. Parker and the Vicious Circle ,1994.0,Mrs.+Parker+and+the+Vicious+Circle,
Faithful ,1996.0,Faithful,
Twelfth Night ,1996.0,Twelfth+Night,
"Mark of Zorro, The ",1940.0,"Mark+of+Zorro,+The",
Surviving Picasso ,1996.0,Surviving+Picasso,
Up in Smoke ,1978.0,Up+in+Smoke,
Some Kind of Wonderful ,1987.0,Some+Kind+of+Wonderful,
I'm Not Rappaport ,1996.0,I'm+Not+Rappaport,
"Umbrellas of Cherbourg, The (Parapluies de Cherbourg, Les) ",1996.0,"Umbrellas+of+Cherbourg,+The",
They Made Me a Criminal ,1939.0,They+Made+Me+a+Criminal,
"Last Time I Saw Paris, The ",1954.0,"Last+Time+I+Saw+Paris,+The",
"Farewell to Arms, A ",1932.0,"Farewell+to+Arms,+A",
"Innocents, The ",1961.0,"Innocents,+The",
"Old Man and the Sea, The ",1958.0,"Old+Man+and+the+Sea,+The",
"Truman Show, The ",1998.0,"Truman+Show,+The",
Heidi Fleiss: Hollywood Madam (,1996.0,Heidi+Fleiss:+Hollywood+Madam,
Chungking Express ,1996.0,Chungking+Express,
Jupiter's Wife ,1996.0,Jupiter's+Wife,
Safe ,1995.0,Safe,
Feeling Minnesota ,1996.0,Feeling+Minnesota,
Escape to Witch Mountain ,1975.0,Escape+to+Witch+Mountain,
Get on the Bus ,1996.0,Get+on+the+Bus,
"Doors, The ",1991.0,"Doors,+The",
Ghosts of Mississippi ,1996.0,Ghosts+of+Mississippi,
Beautiful Thing ,1996.0,Beautiful+Thing,
Best Men ,1997.0,Best+Men,
Hackers ,1995.0,Hackers,
"Road to Wellville, The ",1994.0,"Road+to+Wellville,+The",
"War Room, The ",1993.0,"War+Room,+The",
When We Were Kings ,1997.0,When+We+Were+Kings,
Hard Eight ,1997.0,Hard+Eight,
"Quiet Room, The ",1997.0,"Quiet+Room,+The",
Blue Chips ,1994.0,Blue+Chips,
Calendar Girl ,1993.0,Calendar+Girl,
My Family ,1995.0,My+Family,
Tom & Viv ,1994.0,Tom+&+Viv,
Walkabout ,1971.0,Walkabout,
Last Dance ,1996.0,Last+Dance,
Original Gangstas ,1996.0,Original+Gangstas,
In Love and War ,1997.0,In+Love+and+War,
Backbeat ,1993.0,Backbeat,
Alphaville ,1965.0,Alphaville,
"Rendezvous in Paris (Rendez-vous de Paris, Les) ",1996.0,Rendezvous+in+Paris,
Cyclo ,1996.0,Cyclo,
"Relic, The ",1997.0,"Relic,+The",
"Fille seule, La (A Single Girl) ",1996.0,"Fille+seule,+La",
Stalker ,1979.0,Stalker,
Love! Valour! Compassion! ,1997.0,Love!+Valour!+Compassion!,
Palookaville ,1996.0,Palookaville,
Phat Beach ,1996.0,Phat+Beach,
"Portrait of a Lady, The ",1996.0,"Portrait+of+a+Lady,+The",
Zeus and Roxanne ,1997.0,Zeus+and+Roxanne,
Big Bully ,1996.0,Big+Bully,
Love & Human Remains ,1993.0,Love+&+Human+Remains,
"Sum of Us, The ",1994.0,"Sum+of+Us,+The",
Little Buddha ,1993.0,Little+Buddha,
Fresh ,1994.0,Fresh,
Spanking the Monkey ,1994.0,Spanking+the+Monkey,
Wild Reeds ,1994.0,Wild+Reeds,
"Women, The ",1939.0,"Women,+The",
Bliss ,1997.0,Bliss,
Caught ,1996.0,Caught,
Hugo Pool ,1997.0,Hugo+Pool,
Welcome To Sarajevo ,1997.0,Welcome+To+Sarajevo,
Dunston Checks In ,1996.0,Dunston+Checks+In,
Major Payne ,1994.0,Major+Payne,
Man of the House ,1995.0,Man+of+the+House,
I Love Trouble ,1994.0,I+Love+Trouble,
"Low Down Dirty Shame, A ",1994.0,"Low+Down+Dirty+Shame,+A",
Cops and Robbersons ,1994.0,Cops+and+Robbersons,
"Cowboy Way, The ",1994.0,"Cowboy+Way,+The",
"Endless Summer 2, The ",1994.0,"Endless+Summer+2,+The",
In the Army Now ,1994.0,In+the+Army+Now,
"Inkwell, The ",1994.0,"Inkwell,+The",
Switchblade Sisters ,1975.0,Switchblade+Sisters,
Young Guns II ,1990.0,Young+Guns+II,
Prefontaine ,1997.0,Prefontaine,
That Old Feeling ,1997.0,That+Old+Feeling,
"Letter From Death Row, A ",1998.0,"Letter+From+Death+Row,+A",
"Boys of St. Vincent, The ",1993.0,"Boys+of+St.+Vincent,+The",
Before the Rain (Pred dozhdot) ,1994.0,Before+the+Rain,
Once Were Warriors ,1994.0,Once+Were+Warriors,
Strawberry and Chocolate (Fresa y chocolate) ,1993.0,Strawberry+and+Chocolate,
"Savage Nights (Nuits fauves, Les) ",1992.0,Savage+Nights,
"Family Thing, A ",1996.0,"Family+Thing,+A",
Purple Noon ,1960.0,Purple+Noon,
Cemetery Man (Dellamorte Dellamore) ,1996.0,Cemetery+Man,
Kim ,1950.0,Kim,
Marlene Dietrich: Shadow and Light (,1996.0,Marlene+Dietrich:+Shadow+and+Light,-1.0
"Maybe, Maybe Not (Bewegte Mann, Der) ",1996.0,"Maybe,+Maybe+Not",
Top Hat ,1935.0,Top+Hat,
To Be or Not to Be ,1942.0,To+Be+or+Not+to+Be,
"Secret Agent, The ",1996.0,"Secret+Agent,+The",
Amos & Andrew ,1993.0,Amos+&+Andrew,
Jade ,1995.0,Jade,
Kiss of Death ,1995.0,Kiss+of+Death,
Mixed Nuts ,1994.0,Mixed+Nuts,
Virtuosity ,1995.0,Virtuosity,
Blue Sky ,1994.0,Blue+Sky,
Flesh and Bone ,1993.0,Flesh+and+Bone,
Guilty as Sin ,1993.0,Guilty+as+Sin,
In the Realm of the Senses (Ai no corrida) ,1976.0,In+the+Realm+of+the+Senses,
Barb Wire ,1996.0,Barb+Wire,
Kissed ,1997.0,Kissed,
Assassins ,1995.0,Assassins,
Friday ,1995.0,Friday,
"Goofy Movie, A ",1995.0,"Goofy+Movie,+A",
Higher Learning ,1995.0,Higher+Learning,
When a Man Loves a Woman ,1994.0,When+a+Man+Loves+a+Woman,
Judgment Night ,1993.0,Judgment+Night,
King of the Hill ,1993.0,King+of+the+Hill,
"Scout, The ",1994.0,"Scout,+The",
Angus ,1995.0,Angus,
Night Falls on Manhattan ,1997.0,Night+Falls+on+Manhattan,
"Awfully Big Adventure, An ",1995.0,"Awfully+Big+Adventure,+An",
Under Siege 2: Dark Territory ,1995.0,Under+Siege+2:+Dark+Territory,
Poison Ivy II ,1995.0,Poison+Ivy+II,
Ready to Wear (Pret-A-Porter) ,1994.0,Ready+to+Wear,
Marked for Death ,1990.0,Marked+for+Death,
Madonna: Truth or Dare ,1991.0,Madonna:+Truth+or+Dare,
Nénette et Boni ,1996.0,Nénette+et+Boni,-1.0
Chairman of the Board ,1998.0,Chairman+of+the+Board,
"Big Bang Theory, The ",1994.0,"Big+Bang+Theory,+The",-1.0
"Other Voices, Other Rooms ",1997.0,"Other+Voices,+Other+Rooms",
Twisted ,1996.0,Twisted,
Full Speed ,1996.0,Full+Speed,
Cutthroat Island ,1995.0,Cutthroat+Island,
Ghost in the Shell (Kokaku kidotai) ,1996.0,Ghost+in+the+Shell,
"Van, The ",1997.0,"Van,+The",
"Old Lady Who Walked in the Sea, The (Vieille qui marchait dans la mer, La) ",1991.0,"Old+Lady+Who+Walked+in+the+Sea,+The",
Night Flier ,1998.0,Night+Flier,
Metro ,1997.0,Metro,
Gridlock'd ,1997.0,Gridlock'd,
Bushwhacked ,1995.0,Bushwhacked,
Bad Girls ,1994.0,Bad+Girls,
Blink ,1994.0,Blink,
For Love or Money ,1993.0,For+Love+or+Money,
Best of the Best 3: No Turning Back ,1995.0,Best+of+the+Best+3:+No+Turning+Back,
A Chef in Love ,1997.0,A+Chef+in+Love,
"Contempt (Mépris, Le) ",1997.0,Contempt,
"Tie That Binds, The ",1995.0,"Tie+That+Binds,+The",
Gone Fishin' ,1997.0,Gone+Fishin',
Broken English ,1997.0,Broken+English,
"Designated Mourner, The ",1997.0,"Designated+Mourner,+The",
"Designated Mourner, The ",1997.0,"Designated+Mourner,+The",
Trial and Error ,1997.0,Trial+and+Error,
Pie in the Sky ,1996.0,Pie+in+the+Sky,
Total Eclipse ,1995.0,Total+Eclipse,
"Run of the Country, The ",1995.0,"Run+of+the+Country,+The",
Walking and Talking ,1996.0,Walking+and+Talking,
Foxfire ,1996.0,Foxfire,
Nothing to Lose ,1996.0,Nothing+to+Lose,
Star Maps ,1997.0,Star+Maps,
Bread and Chocolate (Pane e cioccolata) ,1973.0,Bread+and+Chocolate,
Clockers ,1995.0,Clockers,
Bitter Moon ,1992.0,Bitter+Moon,
Love in the Afternoon ,1957.0,Love+in+the+Afternoon,
Life with Mikey ,1993.0,Life+with+Mikey,
North ,1994.0,North,
Talking About Sex ,1994.0,Talking+About+Sex,-1.0
Color of Night ,1994.0,Color+of+Night,
Robocop 3 ,1993.0,Robocop+3,
Killer (Bulletproof Heart) ,1994.0,Killer,
Sunset Park ,1996.0,Sunset+Park,
Set It Off ,1996.0,Set+It+Off,
Selena ,1997.0,Selena,
Wild America ,1997.0,Wild+America,
Gang Related ,1997.0,Gang+Related,
Manny & Lo ,1996.0,Manny+&+Lo,
"Grass Harp, The ",1996.0,"Grass+Harp,+The",
Out to Sea ,1997.0,Out+to+Sea,
Before and After ,1996.0,Before+and+After,
Princess Caraboo ,1994.0,Princess+Caraboo,
Shall We Dance? ,1937.0,Shall+We+Dance?,
Ed ,1996.0,Ed,
Denise Calls Up ,1996.0,Denise+Calls+Up,
Jack and Sarah ,1996.0,Jack+and+Sarah,
Country Life ,1994.0,Country+Life,
Celtic Pride ,1996.0,Celtic+Pride,
"Simple Wish, A ",1997.0,"Simple+Wish,+A",
Star Kid ,1998.0,Star+Kid,
Ayn Rand: A Sense of Life ,1998.0,Ayn+Rand:+A+Sense+of+Life,
Kicked in the Head ,1997.0,Kicked+in+the+Head,
Indian Summer ,1996.0,Indian+Summer,
Love Affair ,1994.0,Love+Affair,
"Band Wagon, The ",1953.0,"Band+Wagon,+The",
Penny Serenade ,1941.0,Penny+Serenade,
'Til There Was You ,1997.0,'Til+There+Was+You,
Stripes ,1981.0,Stripes,
Late Bloomers ,1997.0,Late+Bloomers,
"Getaway, The ",1994.0,"Getaway,+The",
New York Cop ,1996.0,New+York+Cop,
National Lampoon's Senior Trip ,1995.0,National+Lampoon's+Senior+Trip,
Delta of Venus ,1994.0,Delta+of+Venus,
Carmen Miranda: Bananas Is My Business ,1994.0,Carmen+Miranda:+Bananas+Is+My+Business,
Babyfever ,1994.0,Babyfever,
"Very Natural Thing, A ",1974.0,"Very+Natural+Thing,+A",
"Walk in the Sun, A ",1945.0,"Walk+in+the+Sun,+A",
Waiting to Exhale ,1996.0,Waiting+to+Exhale,
"Pompatus of Love, The ",1996.0,"Pompatus+of+Love,+The",
Palmetto ,1998.0,Palmetto,
Surviving the Game ,1994.0,Surviving+the+Game,
Inventing the Abbotts ,1997.0,Inventing+the+Abbotts,
"Horse Whisperer, The ",1997.0,"Horse+Whisperer,+The",
"Journey of August King, The ",1996.0,"Journey+of+August+King,+The",
Catwalk ,1996.0,Catwalk,
"Neon Bible, The ",1996.0,"Neon+Bible,+The",
Homage ,1996.0,Homage,
Open Season ,1996.0,Open+Season,
Metisse (Café au Lait) ,1993.0,Metisse,
"Wooden Man's Bride, The (Wu Kui) ",1994.0,"Wooden+Man's+Bride,+The",
Loaded ,1996.0,Loaded,
August ,1996.0,August,
Boys ,1996.0,Boys,
Captives ,1994.0,Captives,
Of Love and Shadows ,1996.0,Of+Love+and+Shadows,
"Low Life, The ",1996.0,"Low+Life,+The",
An Unforgettable Summer ,1994.0,An+Unforgettable+Summer,
"Last Klezmer: Leopold Kozlowski, His Life and Music, The ",1995.0,"Last+Klezmer:+Leopold+Kozlowski,+His+Life+and+Music,+The",-1.0
My Life and Times With Antonin Artaud (En compagnie d'Antonin Artaud) ,1993.0,My+Life+and+Times+With+Antonin+Artaud,
Midnight Dancers (Sibak) ,1994.0,Midnight+Dancers,
Somebody to Love ,1996.0,Somebody+to+Love,
American Buffalo ,1996.0,American+Buffalo,
Kazaam ,1996.0,Kazaam,
Larger Than Life ,1996.0,Larger+Than+Life,
Two Deaths ,1996.0,Two+Deaths,
Stefano Quantestorie ,1993.0,Stefano+Quantestorie,
"Crude Oasis, The ",1995.0,"Crude+Oasis,+The",
Hedd Wyn ,1992.0,Hedd+Wyn,
"Convent, The (Convento, O) ",1996.0,"Convent,+The",
Lotto Land ,1995.0,Lotto+Land,
"Story of Xinghua, The ",1993.0,"Story+of+Xinghua,+The",
"Day the Sun Turned Cold, The (Tianguo niezi) ",1994.0,"Day+the+Sun+Turned+Cold,+The",
Dingo ,1992.0,Dingo,
"Ballad of Narayama, The (Narayama Bushiko) ",1958.0,"Ballad+of+Narayama,+The",
Every Other Weekend ,1990.0,Every+Other+Weekend,
Mille bolle blu ,1993.0,Mille+bolle+blu,
Crows and Sparrows ,1949.0,Crows+and+Sparrows,
Lover's Knot ,1996.0,Lover's+Knot,
Shadow of Angels (Schatten der Engel) ,1976.0,Shadow+of+Angels,
1-900 ,1994.0,1-900,
Venice/Venice ,1992.0,Venice/Venice,
Infinity ,1996.0,Infinity,
Ed's Next Move ,1996.0,Ed's+Next+Move,
For the Moment ,1994.0,For+the+Moment,
The Deadly Cure ,1996.0,The+Deadly+Cure,-1.0
Boys in Venice ,1996.0,Boys+in+Venice,-1.0
"Sexual Life of the Belgians, The ",1994.0,"Sexual+Life+of+the+Belgians,+The",
"Search for One-eye Jimmy, The ",1996.0,"Search+for+One-eye+Jimmy,+The",
American Strays ,1996.0,American+Strays,
"Leopard Son, The ",1996.0,"Leopard+Son,+The",
Bird of Prey ,1996.0,Bird+of+Prey,
Johnny 100 Pesos ,1993.0,Johnny+100+Pesos,
JLG/JLG - autoportrait de décembre ,1994.0,JLG/JLG+-+autoportrait+de+décembre,-1.0
Faust ,1994.0,Faust,
Mina Tannenbaum ,1994.0,Mina+Tannenbaum,
"Forbidden Christ, The (Cristo proibito, Il) ",1950.0,"Forbidden+Christ,+The",
I Can't Sleep (J'ai pas sommeil) ,1994.0,I+Can't+Sleep,
"Machine, The ",1994.0,"Machine,+The",
"Stranger, The ",1994.0,"Stranger,+The",
Good Morning ,1971.0,Good+Morning,
Falling in Love Again ,1980.0,Falling+in+Love+Again,
"Cement Garden, The ",1993.0,"Cement+Garden,+The",
Meet Wally Sparks ,1997.0,Meet+Wally+Sparks,
Hotel de Love ,1997.0,Hotel+de+Love,
Rhyme & Reason ,1997.0,Rhyme+&+Reason,
Love and Other Catastrophes ,1997.0,Love+and+Other+Catastrophes,
Hollow Reed ,1997.0,Hollow+Reed,
Losing Chase ,1996.0,Losing+Chase,
"Bonheur, Le ",1997.0,"Bonheur,+Le",
"Second Jungle Book: Mowgli & Baloo, The ",1997.0,"Second+Jungle+Book:+Mowgli+&+Baloo,+The",
Squeeze ,1997.0,Squeeze,
Roseanna's Grave (For Roseanna) ,1997.0,Roseanna's+Grave,
Tetsuo II: Body Hammer ,1997.0,Tetsuo+II:+Body+Hammer,
Fall ,1997.0,Fall,
Gabbeh ,1997.0,Gabbeh,
Mondo ,1997.0,Mondo,
"Innocent Sleep, The ",1997.0,"Innocent+Sleep,+The",
For Ever Mozart ,1997.0,For+Ever+Mozart,
"Locusts, The ",1997.0,"Locusts,+The",
Stag ,1997.0,Stag,
Swept from the Sea ,1997.0,Swept+from+the+Sea,
Hurricane Streets ,1998.0,Hurricane+Streets,
Stonewall ,1996.0,Stonewall,
Of Human Bondage ,1934.0,Of+Human+Bondage,
Anna ,1996.0,Anna,
Stranger in the House ,1997.0,Stranger+in+the+House,
Picture Bride ,1995.0,Picture+Bride,
M. Butterfly ,1993.0,M.+Butterfly,
"Ciao, Professore! ",1993.0,"Ciao,+Professore!",
Caro Diario (Dear Diary) ,1994.0,Caro+Diario,
Withnail and I ,1987.0,Withnail+and+I,
Boy's Life 2 ,1997.0,Boy's+Life+2,-1.0
When Night Is Falling ,1995.0,When+Night+Is+Falling,
"Specialist, The ",1994.0,"Specialist,+The",
Gordy ,1995.0,Gordy,
"Swan Princess, The ",1994.0,"Swan+Princess,+The",
Harlem ,1993.0,Harlem,
Barbarella ,1968.0,Barbarella,
Land Before Time III: The Time of the Great Giving (199,1995.0,Land+Before+Time+III:+The+Time+of+the+Great+Giving,
Street Fighter ,1994.0,Street+Fighter,
Coldblooded ,1995.0,Coldblooded,
"Next Karate Kid, The ",1994.0,"Next+Karate+Kid,+The",
No Escape ,1994.0,No+Escape,
"Turning, The ",1997.0,"Turning,+The",
"Joy Luck Club, The ",1993.0,"Joy+Luck+Club,+The",
Highlander III: The Sorcerer ,1994.0,Highlander+III:+The+Sorcerer,
Gilligan's Island: The Movie ,1997.0,Gilligan's+Island:+The+Movie,-1.0
My Crazy Life (Mi vida loca) ,1993.0,My+Crazy+Life,
Suture ,1993.0,Suture,
"Walking Dead, The ",1995.0,"Walking+Dead,+The",
I Like It Like That ,1994.0,I+Like+It+Like+That,
I'll Do Anything ,1994.0,I'll+Do+Anything,
Grace of My Heart ,1996.0,Grace+of+My+Heart,
Drunks ,1996.0,Drunks,
SubUrbia ,1997.0,SubUrbia,
Sliding Doors ,1998.0,Sliding+Doors,
Ill Gotten Gains ,1997.0,Ill+Gotten+Gains,
Legal Deceit ,1997.0,Legal+Deceit,
"Mighty, The ",1998.0,"Mighty,+The",
Men of Means ,1997.0,Men+of+Means,
Shooting Fish ,1998.0,Shooting+Fish,
"Steal Big, Steal Little ",1995.0,"Steal+Big,+Steal+Little",
Mr. Jones ,1993.0,Mr.+Jones,
House Party 3 ,1994.0,House+Party+3,
Panther ,1995.0,Panther,
Jason's Lyric ,1994.0,Jason's+Lyric,
Above the Rim ,1994.0,Above+the+Rim,
Moonlight and Valentino ,1995.0,Moonlight+and+Valentino,
"Scarlet Letter, The ",1995.0,"Scarlet+Letter,+The",
8 Seconds ,1994.0,8+Seconds,
That Darn Cat! ,1965.0,That+Darn+Cat!,
Ladybird Ladybird ,1994.0,Ladybird+Ladybird,
"Bye Bye, Love ",1995.0,"Bye+Bye,+Love",
Century ,1993.0,Century,
My Favorite Season ,1996.0,My+Favorite+Season,
Pather Panchali ,1996.0,Pather+Panchali,
Golden Earrings ,1947.0,Golden+Earrings,
Foreign Correspondent ,1940.0,Foreign+Correspondent,
Lady of Burlesque ,1943.0,Lady+of+Burlesque,
Angel on My Shoulder ,1946.0,Angel+on+My+Shoulder,
Angel and the Badman ,1947.0,Angel+and+the+Badman,
"Outlaw, The ",1943.0,"Outlaw,+The",
Beat the Devil ,1954.0,Beat+the+Devil,
Love Is All There Is ,1996.0,Love+Is+All+There+Is,
"Damsel in Distress, A ",1937.0,"Damsel+in+Distress,+A",
Madame Butterfly ,1996.0,Madame+Butterfly,
Sleepover ,1996.0,Sleepover,
Here Comes Cookie ,1935.0,Here+Comes+Cookie,
"Thieves (Voleurs, Les) ",1996.0,Thieves,
"Boys, Les ",1997.0,"Boys,+Les",
"Stars Fell on Henrietta, The ",1995.0,"Stars+Fell+on+Henrietta,+The",
Last Summer in the Hamptons ,1995.0,Last+Summer+in+the+Hamptons,
Margaret's Museum ,1995.0,Margaret's+Museum,
"Saint of Fort Washington, The ",1993.0,"Saint+of+Fort+Washington,+The",
"Cure, The ",1995.0,"Cure,+The",
Tom and Huck ,1995.0,Tom+and+Huck,
Gumby: The Movie ,1995.0,Gumby:+The+Movie,
Hideaway ,1995.0,Hideaway,
"Visitors, The (Visiteurs, Les) ",1996.0,"Visitors,+The",
"Little Princess, The ",1939.0,"Little+Princess,+The",
Nina Takes a Lover ,1994.0,Nina+Takes+a+Lover,
Bhaji on the Beach ,1993.0,Bhaji+on+the+Beach,
Raw Deal ,1948.0,Raw+Deal,
Nightwatch ,1997.0,Nightwatch,
Dead Presidents ,1995.0,Dead+Presidents,
Reckless ,1995.0,Reckless,
Herbie Rides Again ,1974.0,Herbie+Rides+Again,
S.F.W. ,1994.0,S.F.W.,
"Gate of Heavenly Peace, The ",1996.0,"Gate+of+Heavenly+Peace,+The",
"Man in the Iron Mask, The ",1998.0,"Man+in+the+Iron+Mask,+The",
"Jerky Boys, The ",1994.0,"Jerky+Boys,+The",
"Colonel Chabert, Le ",1994.0,"Colonel+Chabert,+Le",
Girl in the Cadillac ,1995.0,Girl+in+the+Cadillac,
Even Cowgirls Get the Blues ,1993.0,Even+Cowgirls+Get+the+Blues,
Germinal ,1993.0,Germinal,
Chasers ,1994.0,Chasers,
Fausto ,1993.0,Fausto,
Tough and Deadly ,1995.0,Tough+and+Deadly,
Window to Paris ,1994.0,Window+to+Paris,
"Modern Affair, A ",1996.0,"Modern+Affair,+A",
"Mostro, Il ",1996.0,"Mostro,+Il",
Flirt ,1996.0,Flirt,
Carpool ,1996.0,Carpool,
"Line King: Al Hirschfeld, The ",1996.0,"Line+King:+Al+Hirschfeld,+The",
Farmer & Chase ,1997.0,Farmer+&+Chase,
Grosse Fatigue ,1994.0,Grosse+Fatigue,
Santa with Muscles ,1996.0,Santa+with+Muscles,
Prisoner of the Mountains (Kavkazsky Plennik) ,1997.0,Prisoner+of+the+Mountains,
Naked in New York ,1994.0,Naked+in+New+York,
Gold Diggers: The Secret of Bear Mountain ,1995.0,Gold+Diggers:+The+Secret+of+Bear+Mountain,
"Bewegte Mann, Der ",1996.0,"Bewegte+Mann,+Der",
Killer: A Journal of Murder ,1996.0,Killer:+A+Journal+of+Murder,
Nelly & Monsieur Arnaud ,1996.0,Nelly+&+Monsieur+Arnaud,
Three Lives and Only One Death ,1996.0,Three+Lives+and+Only+One+Death,
"Babysitter, The ",1995.0,"Babysitter,+The",
Getting Even with Dad ,1994.0,Getting+Even+with+Dad,
Mad Dog Time ,1996.0,Mad+Dog+Time,
Children of the Revolution ,1997.0,Children+of+the+Revolution,
"World of Apu, The (Apur Sansar) ",1996.0,"World+of+Apu,+The",
Sprung ,1997.0,Sprung,
Dream With the Fishes ,1997.0,Dream+With+the+Fishes,
Wings of Courage ,1995.0,Wings+of+Courage,
"Wedding Gift, The ",1994.0,"Wedding+Gift,+The",
Race the Sun ,1996.0,Race+the+Sun,
Losing Isaiah ,1995.0,Losing+Isaiah,
New Jersey Drive ,1995.0,New+Jersey+Drive,
"Fear, The ",1995.0,"Fear,+The",
Mr. Wonderful ,1993.0,Mr.+Wonderful,
Trial by Jury ,1994.0,Trial+by+Jury,
"Good Man in Africa, A ",1994.0,"Good+Man+in+Africa,+A",
Kaspar Hauser ,1996.0,Kaspar+Hauser,
"Object of My Affection, The ",1998.0,"Object+of+My+Affection,+The",
Witness ,1985.0,Witness,
Senseless ,1998.0,Senseless,
Nowhere ,1997.0,Nowhere,
Underground ,1996.0,Underground,
Jefferson in Paris ,1995.0,Jefferson+in+Paris,
Far From Home: The Adventures of Yellow Dog ,1995.0,Far+From+Home:+The+Adventures+of+Yellow+Dog,
Foreign Student ,1994.0,Foreign+Student,
I Don't Want to Talk About It (De eso no se habla) ,1993.0,I+Don't+Want+to+Talk+About+It,
Twin Town ,1997.0,Twin+Town,
"Enfer, L' ",1994.0,"Enfer,+L'",
Aiqing wansui ,1996.0,Aiqing+wansui,-1.0
Cosi ,1997.0,Cosi,
All Over Me ,1997.0,All+Over+Me,
Being Human ,1993.0,Being+Human,
"Amazing Panda Adventure, The ",1995.0,"Amazing+Panda+Adventure,+The",
"Beans of Egypt, Maine, The ",1994.0,"Beans+of+Egypt,+Maine,+The",
"Scarlet Letter, The ",1926.0,"Scarlet+Letter,+The",
Johns ,1996.0,Johns,
It Takes Two ,1995.0,It+Takes+Two,
Frankie Starlight ,1995.0,Frankie+Starlight,
Shadows (Cienie) ,1988.0,Shadows,
"Show, The ",1995.0,"Show,+The",
The Courtyard ,1995.0,The+Courtyard,
Dream Man ,1995.0,Dream+Man,
Destiny Turns on the Radio ,1995.0,Destiny+Turns+on+the+Radio,
"Glass Shield, The ",1994.0,"Glass+Shield,+The",
"Hunted, The ",1995.0,"Hunted,+The",
"Underneath, The ",1995.0,"Underneath,+The",
Safe Passage ,1994.0,Safe+Passage,
"Secret Adventures of Tom Thumb, The ",1993.0,"Secret+Adventures+of+Tom+Thumb,+The",
Condition Red ,1995.0,Condition+Red,
Yankee Zulu ,1996.0,Yankee+Zulu,
Aparajito ,1996.0,Aparajito,
Hostile Intentions ,1994.0,Hostile+Intentions,
Clean Slate (Coup de Torchon) ,1981.0,Clean+Slate,
Tigrero: A Film That Was Never Made ,1994.0,Tigrero:+A+Film+That+Was+Never+Made,
"Eye of Vichy, The (Oeil de Vichy, L') ",1993.0,"Eye+of+Vichy,+The",
"Promise, The (Versprechen, Das) ",1994.0,"Promise,+The",
To Cross the Rubicon ,1991.0,To+Cross+the+Rubicon,
Daens ,1992.0,Daens,
"Man from Down Under, The ",1943.0,"Man+from+Down+Under,+The",
Careful ,1992.0,Careful,
Vermont Is For Lovers ,1992.0,Vermont+Is+For+Lovers,
"Vie est belle, La (Life is Rosey) ",1987.0,"Vie+est+belle,+La",
Quartier Mozart ,1992.0,Quartier+Mozart,
Touki Bouki (Journey of the Hyena) ,1973.0,Touki+Bouki,
Wend Kuuni (God's Gift) ,1982.0,Wend+Kuuni,
Spirits of the Dead (Tre passi nel delirio) ,1968.0,Spirits+of+the+Dead,
Pharaoh's Army ,1995.0,Pharaoh's+Army,
"I, Worst of All (Yo, la peor de todas) ",1990.0,"I,+Worst+of+All",
"Hungarian Fairy Tale, A ",1987.0,"Hungarian+Fairy+Tale,+A",
"Death in the Garden (Mort en ce jardin, La) ",1956.0,Death+in+the+Garden,
"Collectionneuse, La ",1967.0,"Collectionneuse,+La",
Baton Rouge ,1988.0,Baton+Rouge,
Liebelei ,1933.0,Liebelei,
"Woman in Question, The ",1950.0,"Woman+in+Question,+The",
T-Men ,1947.0,T-Men,
"Invitation, The (Zaproszenie) ",1986.0,"Invitation,+The",
"Symphonie pastorale, La ",1946.0,"Symphonie+pastorale,+La",
American Dream ,1990.0,American+Dream,
Lashou shentan ,1992.0,Lashou+shentan,-1.0
Terror in a Texas Town ,1958.0,Terror+in+a+Texas+Town,
Salut cousin! ,1997.0,Salut+cousin!,
Schizopolis ,1997.0,Schizopolis,
"To Have, or Not ",1997.0,"To+Have,+or+Not",
Duoluo tianshi ,1998.0,Duoluo+tianshi,-1.0
"Magic Hour, The ",1998.0,"Magic+Hour,+The",
Death in Brunswick ,1996.0,Death+in+Brunswick,
Everest ,1998.0,Everest,
Shopping ,1996.0,Shopping,
Nemesis 2: Nebula ,1995.0,Nemesis+2:+Nebula,
Romper Stomper ,1992.0,Romper+Stomper,
City of Industry ,1997.0,City+of+Industry,
Someone Else's America ,1996.0,Someone+Else's+America,
Guantanamera ,1997.0,Guantanamera,
Office Killer ,1997.0,Office+Killer,
"Price Above Rubies, A ",1998.0,"Price+Above+Rubies,+A",
Angela ,1996.0,Angela,
He Walked by Night ,1948.0,He+Walked+by+Night,
Love Serenade ,1997.0,Love+Serenade,
Deceiver ,1997.0,Deceiver,
Hurricane Streets ,1998.0,Hurricane+Streets,
Buddy ,1997.0,Buddy,
B*A*P*S ,1997.0,B*A*P*S,
"Truth or Consequences, N.M. ",1997.0,"Truth+or+Consequences,+N.M.",
Intimate Relations ,1997.0,Intimate+Relations,
"Leading Man, The ",1998.0,"Leading+Man,+The",
Tokyo Fist ,1998.0,Tokyo+Fist,
"Reluctant Debutante, The ",1958.0,"Reluctant+Debutante,+The",
Warriors of Virtue ,1997.0,Warriors+of+Virtue,
Desert Winds ,1995.0,Desert+Winds,
Hugo Pool ,1997.0,Hugo+Pool,
King of New York ,1990.0,King+of+New+York,
All Things Fair ,1996.0,All+Things+Fair,
"Sixth Man, The ",1997.0,"Sixth+Man,+The",
Butterfly Kiss ,1996.0,Butterfly+Kiss,
"Paris, France ",1993.0,"Paris,+France",
"Cérémonie, La ",1996.0,"Cérémonie,+La",-1.0
Hush ,1998.0,Hush,
Nightwatch ,1997.0,Nightwatch,
Nobody Loves Me (Keiner liebt mich) ,1996.0,Nobody+Loves+Me,
"Wife, The ",1996.0,"Wife,+The",
Lamerica ,1994.0,Lamerica,
Nico Icon ,1995.0,Nico+Icon,
"Silence of the Palace, The (Saimt el Qusur) ",1996.0,"Silence+of+the+Palace,+The",
"Slingshot, The ",1993.0,"Slingshot,+The",
Land and Freedom (Tierra y libertad) ,1996.0,Land+and+Freedom,
Á köldum klaka (Cold Fever) ,1996.0,Á+köldum+klaka,-1.0
Etz Hadomim Tafus (Under the Domin Tree) ,1996.0,Etz+Hadomim+Tafus,
Two Friends (,1986.0,Two+Friends,
Brothers in Trouble ,1996.0,Brothers+in+Trouble,
Girls Town ,1996.0,Girls+Town,
Normal Life ,1996.0,Normal+Life,
Bitter Sugar (Azucar Amargo) ,1996.0,Bitter+Sugar,
"Eighth Day, The ",1996.0,"Eighth+Day,+The",
Dadetown ,1996.0,Dadetown,
Some Mother's Son ,1996.0,Some+Mother's+Son,
Angel Baby ,1997.0,Angel+Baby,
Sudden Manhattan ,1997.0,Sudden+Manhattan,
"Butcher Boy, The ",1998.0,"Butcher+Boy,+The",
Men With Guns ,1998.0,Men+With+Guns,
Hana-bi ,1998.0,Hana-bi,
"Niagara, Niagara ",1998.0,"Niagara,+Niagara",
"Big One, The ",1998.0,"Big+One,+The",
"Butcher Boy, The ",1998.0,"Butcher+Boy,+The",
"Spanish Prisoner, The ",1998.0,"Spanish+Prisoner,+The",
Temptress Moon (Feng Yue) ,1997.0,Temptress+Moon,
Entertaining Angels: The Dorothy Day Story ,1996.0,Entertaining+Angels:+The+Dorothy+Day+Story,
Chairman of the Board ,1998.0,Chairman+of+the+Board,
"Favor, The ",1994.0,"Favor,+The",
Little City ,1998.0,Little+City,
Target ,1996.0,Target,
"Substance of Fire, The ",1996.0,"Substance+of+Fire,+The",
Getting Away With Murder ,1996.0,Getting+Away+With+Murder,
Small Faces ,1996.0,Small+Faces,
"New Age, The ",1994.0,"New+Age,+The",
Rough Magic ,1997.0,Rough+Magic,
Nothing Personal ,1997.0,Nothing+Personal,
8 Heads in a Duffel Bag ,1997.0,8+Heads+in+a+Duffel+Bag,
"Brother's Kiss, A ",1997.0,"Brother's+Kiss,+A",
Ripe ,1997.0,Ripe,
"Next Step, The ",1997.0,"Next+Step,+The",
Wedding Bell Blues ,1997.0,Wedding+Bell+Blues,
MURDER and murder ,1997.0,MURDER+and+murder,
Tainted ,1998.0,Tainted,
"Further Gesture, A ",1998.0,"Further+Gesture,+A",
Kika ,1993.0,Kika,
Mirage ,1995.0,Mirage,
Mamma Roma ,1962.0,Mamma+Roma,
"Sunchaser, The ",1996.0,"Sunchaser,+The",
"War at Home, The ",1996.0,"War+at+Home,+The",
Sweet Nothing ,1996.0,Sweet+Nothing,
Mat' i syn ,1998.0,Mat'+i+syn,
B. Monkey ,1998.0,B.+Monkey,
Sliding Doors ,1998.0,Sliding+Doors,
You So Crazy ,1994.0,You+So+Crazy,
Scream of Stone (Schrei aus Stein) ,1996.0,Scream+of+Stone,
